year,ssp,fair_scenario,gmst_p05_C,gmst_C,gmst_p95_C,delta_gmst_vs_2022_C,fair_version,configuration
1750,SSP1,ssp126,-0.07947160555953202,-0.03262765950500483,0.02919768291936217,-1.306744002916071,2.1.1,FaIR v1.1.0 constrained ensemble (1001 members; deterministic median)
1751,SSP1,ssp126,-0.05079588202487503,-0.00022493299986717924,0.06448163417412171,-1.2743412764109334,2.1.1,FaIR v1.1.0 constrained ensemble (1001 members; deterministic median)
1752,SSP1,ssp126,-0.03243993205576503,0.019238211378237537,0.08644268321987841,-1.2548781320328288,2.1.1,FaIR v1.1.0 constrained ensemble (1001 members; deterministic median)
1753,SSP1,ssp126,-0.026678433216432484,0.027173346890932964,0.09532246233824106,-1.2469429965201333,2.1.1,FaIR v1.1.0 constrained ensemble (1001 members; deterministic median)
1754,SSP1,ssp126,-0.027695878633276952,0.027158835997199388,0.09527321009279911,-1.2469575074138668,2.1.1,FaIR v1.1.0 constrained ensemble (1001 members; deterministic median)
1755,SSP1,ssp126,-0.05987733306293851,-0.007520790462028084,0.06266222767488723,-1.2816371338730943,2.1.1,FaIR v1.1.0 constrained ensemble (1001 members; deterministic median)
1756,SSP1,ssp126,-0.07222183074621218,-0.02073184496692674,0.04879715921893433,-1.294848188377993,2.1.1,FaIR v1.1.0 constrained ensemble (1001 members; deterministic median)
1757,SSP1,ssp126,-0.06593910709808994,-0.014965359187471432,0.053906286926664174,-1.2890817025985377,2.1.1,FaIR v1.1.0 constrained ensemble (1001 members; deterministic median)
1758,SSP1,ssp126,-0.05661983467783669,-0.00557126662277431,0.06070013548315399,-1.2796876100338406,2.1.1,FaIR v1.1.0 constrained ensemble (1001 members; deterministic median)
1759,SSP1,ssp126,-0.04286898728916658,0.0086864676575843,0.07395144200728916,-1.2654298757534819,2.1.1,FaIR v1.1.0 constrained ensemble (1001 members; deterministic median)
1760,SSP1,ssp126,-0.028482256063030717,0.023408490055888968,0.09069655202205647,-1.2507078533551772,2.1.1,FaIR v1.1.0 constrained ensemble (1001 members; deterministic median)
1761,SSP1,ssp126,-0.017384243750694556,0.035047975223204554,0.10446134411633959,-1.2390683681878618,2.1.1,FaIR v1.1.0 constrained ensemble (1001 members; deterministic median)
1762,SSP1,ssp126,-0.011752258230912332,0.04283312013318633,0.11274664995128511,-1.2312832232778799,2.1.1,FaIR v1.1.0 constrained ensemble (1001 members; deterministic median)
1763,SSP1,ssp126,-0.10752127655330415,-0.04660515709446264,0.028817793372026012,-1.3207215005055288,2.1.1,FaIR v1.1.0 constrained ensemble (1001 members; deterministic median)
1764,SSP1,ssp126,-0.13021092518655625,-0.07615234751618943,-0.003812452338350765,-1.3502686909272557,2.1.1,FaIR v1.1.0 constrained ensemble (1001 members; deterministic median)
1765,SSP1,ssp126,-0.10786748909026078,-0.05369604229419901,0.015066985139631953,-1.3278123857052653,2.1.1,FaIR v1.1.0 constrained ensemble (1001 members; deterministic median)
1766,SSP1,ssp126,-0.08436615128377126,-0.033665628887613784,0.03309299160041964,-1.30778197229868,2.1.1,FaIR v1.1.0 constrained ensemble (1001 members; deterministic median)
1767,SSP1,ssp126,-0.0675319643604663,-0.019095944486545467,0.04694090418312899,-1.2932122878976118,2.1.1,FaIR v1.1.0 constrained ensemble (1001 members; deterministic median)
1768,SSP1,ssp126,-0.09985485347245324,-0.05209839268757287,0.01185266869263998,-1.3262147360986392,2.1.1,FaIR v1.1.0 constrained ensemble (1001 members; deterministic median)
1769,SSP1,ssp126,-0.09882263729887283,-0.05308056491766275,0.007766901257573192,-1.327196908328729,2.1.1,FaIR v1.1.0 constrained ensemble (1001 members; deterministic median)
1770,SSP1,ssp126,-0.07136772023614821,-0.022891024198895056,0.041130631193627205,-1.2970073676099614,2.1.1,FaIR v1.1.0 constrained ensemble (1001 members; deterministic median)
1771,SSP1,ssp126,-0.043506411615217386,0.006039331964113048,0.07353884191281852,-1.2680770114469533,2.1.1,FaIR v1.1.0 constrained ensemble (1001 members; deterministic median)
1772,SSP1,ssp126,-0.025433767952362338,0.027063855275468313,0.09524496294542895,-1.247052488135598,2.1.1,FaIR v1.1.0 constrained ensemble (1001 members; deterministic median)
1773,SSP1,ssp126,-0.01671390821774351,0.03790213025951448,0.10926546884500456,-1.2362142131515519,2.1.1,FaIR v1.1.0 constrained ensemble (1001 members; deterministic median)
1774,SSP1,ssp126,-0.014601311602525854,0.041229661336857154,0.11306811952441645,-1.232886682074209,2.1.1,FaIR v1.1.0 constrained ensemble (1001 members; deterministic median)
1775,SSP1,ssp126,-0.01834733457978259,0.03627846457843605,0.10479763512335381,-1.2378378788326303,2.1.1,FaIR v1.1.0 constrained ensemble (1001 members; deterministic median)
1776,SSP1,ssp126,-0.023483167160208436,0.030524216950220076,0.09885271647987581,-1.2435921264608463,2.1.1,FaIR v1.1.0 constrained ensemble (1001 members; deterministic median)
1777,SSP1,ssp126,-0.02839203529893987,0.026248870661647335,0.09630028557569567,-1.247867472749419,2.1.1,FaIR v1.1.0 constrained ensemble (1001 members; deterministic median)
1778,SSP1,ssp126,-0.029673667566985612,0.023815010603278293,0.09399639816093802,-1.2503013328077879,2.1.1,FaIR v1.1.0 constrained ensemble (1001 members; deterministic median)
1779,SSP1,ssp126,-0.02506842334765675,0.02772567548748553,0.09700654487628724,-1.2463906679235808,2.1.1,FaIR v1.1.0 constrained ensemble (1001 members; deterministic median)
1780,SSP1,ssp126,-0.01250416288853795,0.040221633204082854,0.11137060034599654,-1.2338947102069835,2.1.1,FaIR v1.1.0 constrained ensemble (1001 members; deterministic median)
1781,SSP1,ssp126,-0.00033075103758645197,0.05287494337355345,0.12587117911636378,-1.221241400037513,2.1.1,FaIR v1.1.0 constrained ensemble (1001 members; deterministic median)
1782,SSP1,ssp126,0.006174970927009776,0.0621219202240048,0.13599443346376766,-1.2119944231870614,2.1.1,FaIR v1.1.0 constrained ensemble (1001 members; deterministic median)
1783,SSP1,ssp126,0.007711367783412082,0.06457590233472632,0.13967489791989182,-1.20954044107634,2.1.1,FaIR v1.1.0 constrained ensemble (1001 members; deterministic median)
1784,SSP1,ssp126,-0.21470042364765818,-0.12252189376094336,-0.022186681852568127,-1.3966382371720096,2.1.1,FaIR v1.1.0 constrained ensemble (1001 members; deterministic median)
1785,SSP1,ssp126,-0.2678510009793896,-0.18210625957714605,-0.09330309695024355,-1.4562226029882124,2.1.1,FaIR v1.1.0 constrained ensemble (1001 members; deterministic median)
1786,SSP1,ssp126,-0.216245411419642,-0.14145089136594932,-0.06224865558822516,-1.4155672347770156,2.1.1,FaIR v1.1.0 constrained ensemble (1001 members; deterministic median)
1787,SSP1,ssp126,-0.15514445284859713,-0.09025072991908743,-0.017659607100408845,-1.3643670733301536,2.1.1,FaIR v1.1.0 constrained ensemble (1001 members; deterministic median)
1788,SSP1,ssp126,-0.11134987627146606,-0.05432307258011873,0.011136043190126633,-1.328439415991185,2.1.1,FaIR v1.1.0 constrained ensemble (1001 members; deterministic median)
1789,SSP1,ssp126,-0.0740169438606637,-0.024720695290656867,0.03413566724279654,-1.2988370387017232,2.1.1,FaIR v1.1.0 constrained ensemble (1001 members; deterministic median)
1790,SSP1,ssp126,-0.043604923440222564,0.005669493510756889,0.0671582365076538,-1.2684468499003094,2.1.1,FaIR v1.1.0 constrained ensemble (1001 members; deterministic median)
1791,SSP1,ssp126,-0.022399216116992332,0.0276856538313508,0.0932034439483643,-1.2464306895797155,2.1.1,FaIR v1.1.0 constrained ensemble (1001 members; deterministic median)
1792,SSP1,ssp126,-0.009241911846948794,0.04355303947163339,0.11254466189653747,-1.2305633039394328,2.1.1,FaIR v1.1.0 constrained ensemble (1001 members; deterministic median)
1793,SSP1,ssp126,-0.001721377212674513,0.05225722737281828,0.12412623938104532,-1.221859116038248,2.1.1,FaIR v1.1.0 constrained ensemble (1001 members; deterministic median)
1794,SSP1,ssp126,-2.2465388129541686e-05,0.05547462490371512,0.12800398666277224,-1.2186417185073513,2.1.1,FaIR v1.1.0 constrained ensemble (1001 members; deterministic median)
1795,SSP1,ssp126,-0.002146362338212318,0.05088466388627366,0.12190775008792831,-1.2232316795247926,2.1.1,FaIR v1.1.0 constrained ensemble (1001 members; deterministic median)
1796,SSP1,ssp126,-0.023121133934414936,0.02753569963287634,0.09548833677334695,-1.24658064377819,2.1.1,FaIR v1.1.0 constrained ensemble (1001 members; deterministic median)
1797,SSP1,ssp126,-0.03341844876789314,0.0171170499039677,0.08505531098853095,-1.2569992935070986,2.1.1,FaIR v1.1.0 constrained ensemble (1001 members; deterministic median)
1798,SSP1,ssp126,-0.03359817272693036,0.01550042576413501,0.08145709820413134,-1.2586159176469314,2.1.1,FaIR v1.1.0 constrained ensemble (1001 members; deterministic median)
1799,SSP1,ssp126,-0.032819461831244165,0.015001579216677725,0.07698230012394267,-1.2591147641943885,2.1.1,FaIR v1.1.0 constrained ensemble (1001 members; deterministic median)
1800,SSP1,ssp126,-0.03125018822409828,0.016274388652063924,0.0789271171421454,-1.2578419547590023,2.1.1,FaIR v1.1.0 constrained ensemble (1001 members; deterministic median)
1801,SSP1,ssp126,-0.028196188498452734,0.019294437591836168,0.08319272967691982,-1.25482190581923,2.1.1,FaIR v1.1.0 constrained ensemble (1001 members; deterministic median)
1802,SSP1,ssp126,-0.021930509955679862,0.026130101286973764,0.0916207212027509,-1.2479862421240926,2.1.1,FaIR v1.1.0 constrained ensemble (1001 members; deterministic median)
1803,SSP1,ssp126,-0.014589215048247,0.03400689753040512,0.10038650552504225,-1.2401094458806612,2.1.1,FaIR v1.1.0 constrained ensemble (1001 members; deterministic median)
1804,SSP1,ssp126,-0.007668510929948455,0.04229671014177132,0.1097836667715091,-1.231819633269295,2.1.1,FaIR v1.1.0 constrained ensemble (1001 members; deterministic median)
1805,SSP1,ssp126,-0.003852738403434461,0.047883702190986976,0.117374535913766,-1.2262326412200792,2.1.1,FaIR v1.1.0 constrained ensemble (1001 members; deterministic median)
1806,SSP1,ssp126,-0.0020936025309677836,0.04931022462800365,0.11936591604350559,-1.2248061187830626,2.1.1,FaIR v1.1.0 constrained ensemble (1001 members; deterministic median)
1807,SSP1,ssp126,-0.002024813158788774,0.04933228847905617,0.11955818583262626,-1.2247840549320101,2.1.1,FaIR v1.1.0 constrained ensemble (1001 members; deterministic median)
1808,SSP1,ssp126,-0.004165248060123167,0.04734137811647385,0.11614349059562254,-1.2267749652945925,2.1.1,FaIR v1.1.0 constrained ensemble (1001 members; deterministic median)
1809,SSP1,ssp126,-0.008009377605912318,0.041455921258200426,0.10710589531429836,-1.2326604221528659,2.1.1,FaIR v1.1.0 constrained ensemble (1001 members; deterministic median)
1810,SSP1,ssp126,-0.3795501350014984,-0.2447187400785102,-0.1185149783946286,-1.5188350834895765,2.1.1,FaIR v1.1.0 constrained ensemble (1001 members; deterministic median)
1811,SSP1,ssp126,-0.46435799459565497,-0.33387943206988857,-0.21681831703314186,-1.6079957754809548,2.1.1,FaIR v1.1.0 constrained ensemble (1001 members; deterministic median)
1812,SSP1,ssp126,-0.3766404521106772,-0.2590545458856043,-0.15535635928684305,-1.5331708892966707,2.1.1,FaIR v1.1.0 constrained ensemble (1001 members; deterministic median)
1813,SSP1,ssp126,-0.2685623360779876,-0.16960400811112833,-0.08258685052133766,-1.4437203515221946,2.1.1,FaIR v1.1.0 constrained ensemble (1001 members; deterministic median)
1814,SSP1,ssp126,-0.18680319359279096,-0.10922535622809418,-0.03511900289243573,-1.3833416996391605,2.1.1,FaIR v1.1.0 constrained ensemble (1001 members; deterministic median)
1815,SSP1,ssp126,-0.13188932354496608,-0.07143586631835001,-0.009857525419318591,-1.3455522097294164,2.1.1,FaIR v1.1.0 constrained ensemble (1001 members; deterministic median)
1816,SSP1,ssp126,-0.830233481074423,-0.5731360164663409,-0.3575612926400308,-1.847252359877407,2.1.1,FaIR v1.1.0 constrained ensemble (1001 members; deterministic median)
1817,SSP1,ssp126,-1.0160917110568761,-0.7462461481983127,-0.5217993542654696,-2.020362491609379,2.1.1,FaIR v1.1.0 constrained ensemble (1001 members; deterministic median)
1818,SSP1,ssp126,-0.831019777095295,-0.5850608925762952,-0.38627012054858967,-1.8591772359873615,2.1.1,FaIR v1.1.0 constrained ensemble (1001 members; deterministic median)
1819,SSP1,ssp126,-0.622160941105343,-0.4000128052986497,-0.23908426301403404,-1.6741291487097159,2.1.1,FaIR v1.1.0 constrained ensemble (1001 members; deterministic median)
1820,SSP1,ssp126,-0.45909999782216765,-0.2757172561126474,-0.15279638388582337,-1.5498335995237138,2.1.1,FaIR v1.1.0 constrained ensemble (1001 members; deterministic median)
1821,SSP1,ssp126,-0.34005199429312977,-0.20010216747139134,-0.1065688535139797,-1.4742185108824577,2.1.1,FaIR v1.1.0 constrained ensemble (1001 members; deterministic median)
1822,SSP1,ssp126,-0.2656487925637221,-0.15520994273847857,-0.07870289941352017,-1.4293262861495448,2.1.1,FaIR v1.1.0 constrained ensemble (1001 members; deterministic median)
1823,SSP1,ssp126,-0.24299694353739826,-0.14569758273210778,-0.08166211122228484,-1.4198139261431741,2.1.1,FaIR v1.1.0 constrained ensemble (1001 members; deterministic median)
1824,SSP1,ssp126,-0.21529963562607346,-0.12799567599867806,-0.07152409851549596,-1.4021120194097443,2.1.1,FaIR v1.1.0 constrained ensemble (1001 members; deterministic median)
1825,SSP1,ssp126,-0.17951049124030943,-0.10419155062746002,-0.05076882156687146,-1.3783078940385263,2.1.1,FaIR v1.1.0 constrained ensemble (1001 members; deterministic median)
1826,SSP1,ssp126,-0.145256323834907,-0.08013589552573339,-0.029973516387680296,-1.3542522389367997,2.1.1,FaIR v1.1.0 constrained ensemble (1001 members; deterministic median)
1827,SSP1,ssp126,-0.11574288739092514,-0.057939216474495084,-0.00513171933202828,-1.3320555598855615,2.1.1,FaIR v1.1.0 constrained ensemble (1001 members; deterministic median)
1828,SSP1,ssp126,-0.09469620441447137,-0.038956308366301255,0.013820123618563739,-1.3130726517773674,2.1.1,FaIR v1.1.0 constrained ensemble (1001 members; deterministic median)
1829,SSP1,ssp126,-0.07760780461054943,-0.026277396185335665,0.023320783613322398,-1.300393739596402,2.1.1,FaIR v1.1.0 constrained ensemble (1001 members; deterministic median)
1830,SSP1,ssp126,-0.06368804732294364,-0.016446251746547604,0.03321560453836831,-1.2905625951576138,2.1.1,FaIR v1.1.0 constrained ensemble (1001 members; deterministic median)
1831,SSP1,ssp126,-0.05467971887053458,-0.011113835203871367,0.03875359427393656,-1.2852301786149376,2.1.1,FaIR v1.1.0 constrained ensemble (1001 members; deterministic median)
1832,SSP1,ssp126,-0.4347905938319729,-0.2938590614651492,-0.16523639445461824,-1.5679754048762153,2.1.1,FaIR v1.1.0 constrained ensemble (1001 members; deterministic median)
1833,SSP1,ssp126,-0.5179901812949433,-0.3828606757909218,-0.27163534369313946,-1.6569770192019881,2.1.1,FaIR v1.1.0 constrained ensemble (1001 members; deterministic median)
1834,SSP1,ssp126,-0.42316531771765026,-0.305552196245922,-0.20470406069412894,-1.5796685396569883,2.1.1,FaIR v1.1.0 constrained ensemble (1001 members; deterministic median)
1835,SSP1,ssp126,-0.31555910678633453,-0.21308453837686783,-0.1395656340897154,-1.487200881787934,2.1.1,FaIR v1.1.0 constrained ensemble (1001 members; deterministic median)
1836,SSP1,ssp126,-0.32714486946246407,-0.24012478185911926,-0.17181651068822582,-1.5142411252701855,2.1.1,FaIR v1.1.0 constrained ensemble (1001 members; deterministic median)
1837,SSP1,ssp126,-0.30004422993115304,-0.2173247968723674,-0.1526640591085678,-1.4914411402834338,2.1.1,FaIR v1.1.0 constrained ensemble (1001 members; deterministic median)
1838,SSP1,ssp126,-0.2276596791716552,-0.1513499204581672,-0.09555570502892732,-1.4254662638692335,2.1.1,FaIR v1.1.0 constrained ensemble (1001 members; deterministic median)
1839,SSP1,ssp126,-0.16457673213402144,-0.09597412231280142,-0.04932362619143858,-1.3700904657238677,2.1.1,FaIR v1.1.0 constrained ensemble (1001 members; deterministic median)
1840,SSP1,ssp126,-0.11936542776486517,-0.06105176525423988,-0.018793477607234443,-1.3351681086653062,2.1.1,FaIR v1.1.0 constrained ensemble (1001 members; deterministic median)
1841,SSP1,ssp126,-0.09190963192551592,-0.039545891295508145,0.0007554226749036537,-1.3136622347065745,2.1.1,FaIR v1.1.0 constrained ensemble (1001 members; deterministic median)
1842,SSP1,ssp126,-0.0736129589074204,-0.028511860690358236,0.011113270576091284,-1.3026282041014245,2.1.1,FaIR v1.1.0 constrained ensemble (1001 members; deterministic median)
1843,SSP1,ssp126,-0.06355432576581194,-0.023176153250448986,0.01562954237561174,-1.2972924966615154,2.1.1,FaIR v1.1.0 constrained ensemble (1001 members; deterministic median)
1844,SSP1,ssp126,-0.05713299063114071,-0.02034261251951118,0.01759528870414622,-1.2944589559305775,2.1.1,FaIR v1.1.0 constrained ensemble (1001 members; deterministic median)
1845,SSP1,ssp126,-0.0791548662428796,-0.04107457025724192,-0.005350148808233687,-1.3151909136683082,2.1.1,FaIR v1.1.0 constrained ensemble (1001 members; deterministic median)
1846,SSP1,ssp126,-0.0801043497851265,-0.047485753050647825,-0.015386967181312073,-1.3216020964617141,2.1.1,FaIR v1.1.0 constrained ensemble (1001 members; deterministic median)
1847,SSP1,ssp126,-0.06487387179189429,-0.03615046402073185,-0.006301727582321736,-1.310266807431798,2.1.1,FaIR v1.1.0 constrained ensemble (1001 members; deterministic median)
1848,SSP1,ssp126,-0.05056648214056436,-0.024527194532000862,0.0034329355916365833,-1.2986435379430672,2.1.1,FaIR v1.1.0 constrained ensemble (1001 members; deterministic median)
1849,SSP1,ssp126,-0.03913095780317764,-0.014986806087728677,0.010755864429990013,-1.289103149498795,2.1.1,FaIR v1.1.0 constrained ensemble (1001 members; deterministic median)
1850,SSP1,ssp126,-0.028837796144352692,-0.0054379891135899056,0.01997346329650499,-1.2795543325246561,2.1.1,FaIR v1.1.0 constrained ensemble (1001 members; deterministic median)
1851,SSP1,ssp126,-0.020781466403475377,0.002294549878137219,0.02805228604940354,-1.271821793532929,2.1.1,FaIR v1.1.0 constrained ensemble (1001 members; deterministic median)
1852,SSP1,ssp126,-0.014365907300523777,0.009268673347428681,0.03572547024840928,-1.2648476700636375,2.1.1,FaIR v1.1.0 constrained ensemble (1001 members; deterministic median)
1853,SSP1,ssp126,-0.009203061727846098,0.015040193401955726,0.042265838537040606,-1.2590761500091106,2.1.1,FaIR v1.1.0 constrained ensemble (1001 members; deterministic median)
1854,SSP1,ssp126,-0.006232524805628261,0.018223785211145774,0.04661737055608563,-1.2558925581999205,2.1.1,FaIR v1.1.0 constrained ensemble (1001 members; deterministic median)
1855,SSP1,ssp126,-0.0057067025338216545,0.016787574474089156,0.04399765474942451,-1.2573287689369772,2.1.1,FaIR v1.1.0 constrained ensemble (1001 members; deterministic median)
1856,SSP1,ssp126,-0.04114259667482685,-0.016329111425994178,0.011598476984105599,-1.2904454548370605,2.1.1,FaIR v1.1.0 constrained ensemble (1001 members; deterministic median)
1857,SSP1,ssp126,-0.04508468357390953,-0.02496475019397963,-0.001884441708996952,-1.2990810936050459,2.1.1,FaIR v1.1.0 constrained ensemble (1001 members; deterministic median)
1858,SSP1,ssp126,-0.030664718140093007,-0.014106511852711667,0.004693229865378269,-1.288222855263778,2.1.1,FaIR v1.1.0 constrained ensemble (1001 members; deterministic median)
1859,SSP1,ssp126,-0.01635410252859304,-0.0006489755979106858,0.0166224637256388,-1.274765319008977,2.1.1,FaIR v1.1.0 constrained ensemble (1001 members; deterministic median)
1860,SSP1,ssp126,-0.0043331835706576505,0.011152332740673964,0.028318682689244288,-1.2629640106703923,2.1.1,FaIR v1.1.0 constrained ensemble (1001 members; deterministic median)
1861,SSP1,ssp126,0.0038257321361051394,0.02010887348202361,0.038418196695911816,-1.2540074699290427,2.1.1,FaIR v1.1.0 constrained ensemble (1001 members; deterministic median)
1862,SSP1,ssp126,-0.0005554934146173515,0.015770933827549207,0.033324534345811646,-1.2583454095835171,2.1.1,FaIR v1.1.0 constrained ensemble (1001 members; deterministic median)
1863,SSP1,ssp126,-0.004885416240805351,0.010641900606804873,0.02747743711851084,-1.2634744428042615,2.1.1,FaIR v1.1.0 constrained ensemble (1001 members; deterministic median)
1864,SSP1,ssp126,-0.08579255164356092,-0.054877708446330505,-0.02320459561052009,-1.3289940518573968,2.1.1,FaIR v1.1.0 constrained ensemble (1001 members; deterministic median)
1865,SSP1,ssp126,-0.09494230246300818,-0.06810985658686064,-0.04321770311472845,-1.3422261999979268,2.1.1,FaIR v1.1.0 constrained ensemble (1001 members; deterministic median)
1866,SSP1,ssp126,-0.06715697223647532,-0.045417441807009115,-0.02497923095577033,-1.3195337852180753,2.1.1,FaIR v1.1.0 constrained ensemble (1001 members; deterministic median)
1867,SSP1,ssp126,-0.03909083918790442,-0.020994268098546293,-0.0054068481409836186,-1.2951106115096125,2.1.1,FaIR v1.1.0 constrained ensemble (1001 members; deterministic median)
1868,SSP1,ssp126,-0.01860273111758783,-0.006572303672886774,0.00548298157744357,-1.2806886470839531,2.1.1,FaIR v1.1.0 constrained ensemble (1001 members; deterministic median)
1869,SSP1,ssp126,-0.005878647042807099,0.002810643935124049,0.013619003007447578,-1.2713056994759422,2.1.1,FaIR v1.1.0 constrained ensemble (1001 members; deterministic median)
1870,SSP1,ssp126,0.004397039551230695,0.013082241290857187,0.024375796371200777,-1.2610341021202092,2.1.1,FaIR v1.1.0 constrained ensemble (1001 members; deterministic median)
1871,SSP1,ssp126,0.010268208436851167,0.019382251231409194,0.031630929692867925,-1.254734092179657,2.1.1,FaIR v1.1.0 constrained ensemble (1001 members; deterministic median)
1872,SSP1,ssp126,0.01668614511367815,0.02711887656516089,0.04071856284602785,-1.2469974668459054,2.1.1,FaIR v1.1.0 constrained ensemble (1001 members; deterministic median)
1873,SSP1,ssp126,0.020213719666181885,0.0326160485415559,0.04765540802823115,-1.2415002948695104,2.1.1,FaIR v1.1.0 constrained ensemble (1001 members; deterministic median)
1874,SSP1,ssp126,0.014397509713915686,0.02498476653659635,0.038443956903795574,-1.24913157687447,2.1.1,FaIR v1.1.0 constrained ensemble (1001 members; deterministic median)
1875,SSP1,ssp126,0.018275738603499958,0.028243544708204605,0.0413097628750218,-1.2458727987028617,2.1.1,FaIR v1.1.0 constrained ensemble (1001 members; deterministic median)
1876,SSP1,ssp126,0.02063893232439032,0.03172999088184701,0.045648936355776965,-1.2423863525292194,2.1.1,FaIR v1.1.0 constrained ensemble (1001 members; deterministic median)
1877,SSP1,ssp126,0.019430166989682137,0.03074634050119461,0.044818120708670674,-1.2433700029098718,2.1.1,FaIR v1.1.0 constrained ensemble (1001 members; deterministic median)
1878,SSP1,ssp126,0.019611513867524674,0.030785958557464008,0.044886113583337495,-1.2433303848536024,2.1.1,FaIR v1.1.0 constrained ensemble (1001 members; deterministic median)
1879,SSP1,ssp126,0.019753285582701244,0.031682763662708203,0.046199080215014066,-1.242433579748358,2.1.1,FaIR v1.1.0 constrained ensemble (1001 members; deterministic median)
1880,SSP1,ssp126,0.01951293331214718,0.031845599368928,0.046926829746555265,-1.2422707440421383,2.1.1,FaIR v1.1.0 constrained ensemble (1001 members; deterministic median)
1881,SSP1,ssp126,0.01898291101032057,0.030811268719038776,0.044978331005406706,-1.2433050746920276,2.1.1,FaIR v1.1.0 constrained ensemble (1001 members; deterministic median)
1882,SSP1,ssp126,0.022164527917425146,0.033175329147460894,0.04756797227267044,-1.2409410142636055,2.1.1,FaIR v1.1.0 constrained ensemble (1001 members; deterministic median)
1883,SSP1,ssp126,0.027146756017329368,0.03929559098690273,0.054890845464200935,-1.2348207524241634,2.1.1,FaIR v1.1.0 constrained ensemble (1001 members; deterministic median)
1884,SSP1,ssp126,-0.011467807111915765,0.002270480157772682,0.018458635107238715,-1.2718458632532936,2.1.1,FaIR v1.1.0 constrained ensemble (1001 members; deterministic median)
1885,SSP1,ssp126,-0.21321797049355584,-0.1409501152552904,-0.07670651890271696,-1.4150664586663566,2.1.1,FaIR v1.1.0 constrained ensemble (1001 members; deterministic median)
1886,SSP1,ssp126,-0.21106946486766787,-0.14440958916454869,-0.08985854198667026,-1.418525932575615,2.1.1,FaIR v1.1.0 constrained ensemble (1001 members; deterministic median)
1887,SSP1,ssp126,-0.15722928995990648,-0.09605054119770645,-0.04895148742497169,-1.3701668846087727,2.1.1,FaIR v1.1.0 constrained ensemble (1001 members; deterministic median)
1888,SSP1,ssp126,-0.1165549794614946,-0.06213639455495155,-0.02527838317277118,-1.3362527379660178,2.1.1,FaIR v1.1.0 constrained ensemble (1001 members; deterministic median)
1889,SSP1,ssp126,-0.07818841091134907,-0.03382166985730085,-0.0034669946868202683,-1.3079380132683671,2.1.1,FaIR v1.1.0 constrained ensemble (1001 members; deterministic median)
1890,SSP1,ssp126,-0.046174433641048125,-0.011226253026530608,0.014970129446122839,-1.2853425964375969,2.1.1,FaIR v1.1.0 constrained ensemble (1001 members; deterministic median)
1891,SSP1,ssp126,-0.04271927688212969,-0.012416798917141612,0.011470691268256741,-1.2865331423282078,2.1.1,FaIR v1.1.0 constrained ensemble (1001 members; deterministic median)
1892,SSP1,ssp126,-0.04611781295466317,-0.01917602452971498,0.0029250858141244007,-1.2932923679407813,2.1.1,FaIR v1.1.0 constrained ensemble (1001 members; deterministic median)
1893,SSP1,ssp126,-0.04114071422503392,-0.014872918677826273,0.006766907826601241,-1.2889892620888925,2.1.1,FaIR v1.1.0 constrained ensemble (1001 members; deterministic median)
1894,SSP1,ssp126,-0.018682388220329575,0.005820984320909262,0.027556057668419384,-1.2682953590901571,2.1.1,FaIR v1.1.0 constrained ensemble (1001 members; deterministic median)
1895,SSP1,ssp126,-0.0015550509108592202,0.024857315084362015,0.047915121506285865,-1.2492590283267042,2.1.1,FaIR v1.1.0 constrained ensemble (1001 members; deterministic median)
1896,SSP1,ssp126,0.010348783216103597,0.03618595014932859,0.05992055289330061,-1.2379303932617376,2.1.1,FaIR v1.1.0 constrained ensemble (1001 members; deterministic median)
1897,SSP1,ssp126,0.0182384818894584,0.042819765404668766,0.06502027815768292,-1.2312965780063976,2.1.1,FaIR v1.1.0 constrained ensemble (1001 members; deterministic median)
1898,SSP1,ssp126,0.019549008511963402,0.04433225544287683,0.06680860295353863,-1.2297840879681894,2.1.1,FaIR v1.1.0 constrained ensemble (1001 members; deterministic median)
1899,SSP1,ssp126,0.019859335523100534,0.04561926288739339,0.0685353473442288,-1.2284970805236728,2.1.1,FaIR v1.1.0 constrained ensemble (1001 members; deterministic median)
1900,SSP1,ssp126,0.017357531123542547,0.04394421972086697,0.06839161909051696,-1.2301721236901992,2.1.1,FaIR v1.1.0 constrained ensemble (1001 members; deterministic median)
1901,SSP1,ssp126,0.014917388124253032,0.04329649385626534,0.06924328796809848,-1.2308198495548008,2.1.1,FaIR v1.1.0 constrained ensemble (1001 members; deterministic median)
1902,SSP1,ssp126,0.014076287097383323,0.04315195033095208,0.07063534782157127,-1.2309643930801142,2.1.1,FaIR v1.1.0 constrained ensemble (1001 members; deterministic median)
1903,SSP1,ssp126,-0.007162609380677965,0.025926885261659052,0.05465395015874262,-1.2481894581494073,2.1.1,FaIR v1.1.0 constrained ensemble (1001 members; deterministic median)
1904,SSP1,ssp126,-0.08410158088003838,-0.038654669773158096,0.00019106127850058996,-1.3127710131842243,2.1.1,FaIR v1.1.0 constrained ensemble (1001 members; deterministic median)
1905,SSP1,ssp126,-0.08451462000889093,-0.0386962358679946,0.0015725214017483918,-1.3128125792790608,2.1.1,FaIR v1.1.0 constrained ensemble (1001 members; deterministic median)
1906,SSP1,ssp126,-0.05545358136128881,-0.010353281983781812,0.031880826905399826,-1.284469625394848,2.1.1,FaIR v1.1.0 constrained ensemble (1001 members; deterministic median)
1907,SSP1,ssp126,-0.027667380699374088,0.016644453958357473,0.057980824050295116,-1.2574718894527088,2.1.1,FaIR v1.1.0 constrained ensemble (1001 members; deterministic median)
1908,SSP1,ssp126,-0.03219790152269594,0.01355756737402393,0.05633841853500059,-1.2605587760370423,2.1.1,FaIR v1.1.0 constrained ensemble (1001 members; deterministic median)
1909,SSP1,ssp126,-0.023690179254448614,0.023385384069716634,0.06761336928441126,-1.2507309593413496,2.1.1,FaIR v1.1.0 constrained ensemble (1001 members; deterministic median)
1910,SSP1,ssp126,-0.0153206464602978,0.03371440963449331,0.07849558008089347,-1.240401933776573,2.1.1,FaIR v1.1.0 constrained ensemble (1001 members; deterministic median)
1911,SSP1,ssp126,-0.01397445215549816,0.03639854894072417,0.08454856561011971,-1.2377177944703421,2.1.1,FaIR v1.1.0 constrained ensemble (1001 members; deterministic median)
1912,SSP1,ssp126,-0.013716226723772781,0.039015545122554465,0.08670662404768104,-1.2351007982885118,2.1.1,FaIR v1.1.0 constrained ensemble (1001 members; deterministic median)
1913,SSP1,ssp126,-0.06585981522623237,-0.006765988959924127,0.04440492378259747,-1.2808823323709904,2.1.1,FaIR v1.1.0 constrained ensemble (1001 members; deterministic median)
1914,SSP1,ssp126,-0.08949629295774289,-0.02797353871399713,0.02771264514079992,-1.3020898821250635,2.1.1,FaIR v1.1.0 constrained ensemble (1001 members; deterministic median)
1915,SSP1,ssp126,-0.07511837522863332,-0.011484518048113505,0.047082928241441446,-1.2856008614591798,2.1.1,FaIR v1.1.0 constrained ensemble (1001 members; deterministic median)
1916,SSP1,ssp126,-0.03869019385701262,0.020219766417573108,0.07752226887721851,-1.253896576993493,2.1.1,FaIR v1.1.0 constrained ensemble (1001 members; deterministic median)
1917,SSP1,ssp126,-0.016804512230883993,0.04217021014467612,0.09919635439695203,-1.2319461332663901,2.1.1,FaIR v1.1.0 constrained ensemble (1001 members; deterministic median)
1918,SSP1,ssp126,-0.0038366169371309433,0.05649777402038645,0.1151165499786999,-1.2176185693906798,2.1.1,FaIR v1.1.0 constrained ensemble (1001 members; deterministic median)
1919,SSP1,ssp126,0.006762189321997639,0.0668464967858742,0.12589657040948257,-1.207269846625192,2.1.1,FaIR v1.1.0 constrained ensemble (1001 members; deterministic median)
1920,SSP1,ssp126,0.01852041849720249,0.07626760669461864,0.13174907488398213,-1.1978487367164476,2.1.1,FaIR v1.1.0 constrained ensemble (1001 members; deterministic median)
1921,SSP1,ssp126,0.0189609778056782,0.07628573228111257,0.13222001479553058,-1.1978306111299537,2.1.1,FaIR v1.1.0 constrained ensemble (1001 members; deterministic median)
1922,SSP1,ssp126,0.027989874169284605,0.08286403204821935,0.134687113454516,-1.191252311362847,2.1.1,FaIR v1.1.0 constrained ensemble (1001 members; deterministic median)
1923,SSP1,ssp126,0.02137349160829405,0.07506315545813771,0.12551737427503298,-1.1990531879529285,2.1.1,FaIR v1.1.0 constrained ensemble (1001 members; deterministic median)
1924,SSP1,ssp126,0.012297675968177092,0.06974989961595866,0.12285357373000676,-1.2043664437951076,2.1.1,FaIR v1.1.0 constrained ensemble (1001 members; deterministic median)
1925,SSP1,ssp126,0.01931981210881015,0.07701197554595446,0.13178369447071445,-1.1971043678651119,2.1.1,FaIR v1.1.0 constrained ensemble (1001 members; deterministic median)
1926,SSP1,ssp126,0.02744408520527888,0.08609177866923802,0.14065688128651713,-1.1880245647418282,2.1.1,FaIR v1.1.0 constrained ensemble (1001 members; deterministic median)
1927,SSP1,ssp126,0.03898861683096889,0.09742805429538562,0.15153172232653445,-1.1766882891156807,2.1.1,FaIR v1.1.0 constrained ensemble (1001 members; deterministic median)
1928,SSP1,ssp126,0.04608434389940253,0.10576698906660262,0.16106976143519608,-1.1683493543444636,2.1.1,FaIR v1.1.0 constrained ensemble (1001 members; deterministic median)
1929,SSP1,ssp126,0.04752139815962904,0.10729922253243707,0.1641401820504507,-1.1668171208786293,2.1.1,FaIR v1.1.0 constrained ensemble (1001 members; deterministic median)
1930,SSP1,ssp126,0.029402310826143224,0.09153487498207925,0.15067332261277877,-1.182581468428987,2.1.1,FaIR v1.1.0 constrained ensemble (1001 members; deterministic median)
1931,SSP1,ssp126,0.04314891464589962,0.10287226915635163,0.16169540259427578,-1.1712440742547146,2.1.1,FaIR v1.1.0 constrained ensemble (1001 members; deterministic median)
1932,SSP1,ssp126,0.06043340023620242,0.1164945789653404,0.17283652458277474,-1.1576217644457258,2.1.1,FaIR v1.1.0 constrained ensemble (1001 members; deterministic median)
1933,SSP1,ssp126,0.058450977858577766,0.11229751777500156,0.1660890286026318,-1.1618188256360646,2.1.1,FaIR v1.1.0 constrained ensemble (1001 members; deterministic median)
1934,SSP1,ssp126,0.06860507392704646,0.12051206069310827,0.17285018872589336,-1.153604282717958,2.1.1,FaIR v1.1.0 constrained ensemble (1001 members; deterministic median)
1935,SSP1,ssp126,0.0732875884351489,0.12685435446045096,0.18097834001045993,-1.1472619889506153,2.1.1,FaIR v1.1.0 constrained ensemble (1001 members; deterministic median)
1936,SSP1,ssp126,0.07851319979430925,0.1339458812412696,0.18965166410620896,-1.1401704621697966,2.1.1,FaIR v1.1.0 constrained ensemble (1001 members; deterministic median)
1937,SSP1,ssp126,0.08506030758410649,0.14350433888776376,0.2018553689287589,-1.1306120045233026,2.1.1,FaIR v1.1.0 constrained ensemble (1001 members; deterministic median)
1938,SSP1,ssp126,0.08993066013941486,0.14918198552348033,0.21036922433128452,-1.124934357887586,2.1.1,FaIR v1.1.0 constrained ensemble (1001 members; deterministic median)
1939,SSP1,ssp126,0.0988217157006084,0.1576834679742206,0.2185581596957532,-1.1164328754368458,2.1.1,FaIR v1.1.0 constrained ensemble (1001 members; deterministic median)
1940,SSP1,ssp126,0.10001320555309462,0.16036893083845055,0.22331703957599522,-1.1137474125726157,2.1.1,FaIR v1.1.0 constrained ensemble (1001 members; deterministic median)
1941,SSP1,ssp126,0.09617528912891352,0.15935761514815483,0.22341293526813238,-1.1147587282629114,2.1.1,FaIR v1.1.0 constrained ensemble (1001 members; deterministic median)
1942,SSP1,ssp126,0.09143365186778335,0.15765749437915144,0.22307845209420485,-1.1164588490319147,2.1.1,FaIR v1.1.0 constrained ensemble (1001 members; deterministic median)
1943,SSP1,ssp126,0.0858467667644695,0.15407187326937494,0.2217476976239502,-1.1200444701416914,2.1.1,FaIR v1.1.0 constrained ensemble (1001 members; deterministic median)
1944,SSP1,ssp126,0.08218739782331477,0.15171434404120904,0.22026588563454313,-1.1224019993698573,2.1.1,FaIR v1.1.0 constrained ensemble (1001 members; deterministic median)
1945,SSP1,ssp126,0.08460262371344887,0.1538712117626678,0.22359447821142606,-1.1202451316483986,2.1.1,FaIR v1.1.0 constrained ensemble (1001 members; deterministic median)
1946,SSP1,ssp126,0.10123458989239595,0.16743810100596593,0.2349695594254629,-1.1066782424051003,2.1.1,FaIR v1.1.0 constrained ensemble (1001 members; deterministic median)
1947,SSP1,ssp126,0.11846902452195618,0.18125824083776704,0.2474790492886945,-1.0928581025732993,2.1.1,FaIR v1.1.0 constrained ensemble (1001 members; deterministic median)
1948,SSP1,ssp126,0.1288148900146726,0.19262964671913896,0.26008058239113485,-1.0814866966919272,2.1.1,FaIR v1.1.0 constrained ensemble (1001 members; deterministic median)
1949,SSP1,ssp126,0.13533634166189143,0.201623300346522,0.27035272923833176,-1.0724930430645443,2.1.1,FaIR v1.1.0 constrained ensemble (1001 members; deterministic median)
1950,SSP1,ssp126,0.1416158431860851,0.20829103257133913,0.2774505844250811,-1.065825310839727,2.1.1,FaIR v1.1.0 constrained ensemble (1001 members; deterministic median)
1951,SSP1,ssp126,0.13347743223998082,0.20421541591223716,0.27678633403597774,-1.0699009274988291,2.1.1,FaIR v1.1.0 constrained ensemble (1001 members; deterministic median)
1952,SSP1,ssp126,0.13008246044015995,0.2018997064246562,0.2749634102042203,-1.0722166369864101,2.1.1,FaIR v1.1.0 constrained ensemble (1001 members; deterministic median)
1953,SSP1,ssp126,0.128107654241573,0.2021625863131848,0.27682833293621734,-1.0719537570978814,2.1.1,FaIR v1.1.0 constrained ensemble (1001 members; deterministic median)
1954,SSP1,ssp126,0.12603147608192805,0.2011511275896289,0.2781842599314301,-1.0729652158214373,2.1.1,FaIR v1.1.0 constrained ensemble (1001 members; deterministic median)
1955,SSP1,ssp126,0.1281118149027607,0.20297018633024272,0.28195022805448006,-1.0711461570808236,2.1.1,FaIR v1.1.0 constrained ensemble (1001 members; deterministic median)
1956,SSP1,ssp126,0.12946683547167853,0.20700048469019988,0.2888450291223279,-1.0671158587208665,2.1.1,FaIR v1.1.0 constrained ensemble (1001 members; deterministic median)
1957,SSP1,ssp126,0.13319437472712017,0.2146051022056491,0.3020910618194627,-1.059511241205417,2.1.1,FaIR v1.1.0 constrained ensemble (1001 members; deterministic median)
1958,SSP1,ssp126,0.13876294169527484,0.2253720006906409,0.3195728154895895,-1.0487443427204255,2.1.1,FaIR v1.1.0 constrained ensemble (1001 members; deterministic median)
1959,SSP1,ssp126,0.14943892591115596,0.2380738036951944,0.3351840192524695,-1.036042539715872,2.1.1,FaIR v1.1.0 constrained ensemble (1001 members; deterministic median)
1960,SSP1,ssp126,0.15119444745855393,0.24352175714829843,0.3425494824949209,-1.030594586262768,2.1.1,FaIR v1.1.0 constrained ensemble (1001 members; deterministic median)
1961,SSP1,ssp126,0.15231447750172342,0.24611325541517975,0.34755633009357445,-1.0280030879958866,2.1.1,FaIR v1.1.0 constrained ensemble (1001 members; deterministic median)
1962,SSP1,ssp126,0.13627013111303962,0.2367692393797694,0.34391987128948076,-1.037347104031297,2.1.1,FaIR v1.1.0 constrained ensemble (1001 members; deterministic median)
1963,SSP1,ssp126,0.11061858034172413,0.21612440213825593,0.3273232145208092,-1.0579919412728103,2.1.1,FaIR v1.1.0 constrained ensemble (1001 members; deterministic median)
1964,SSP1,ssp126,0.010152294472784474,0.1326023761652025,0.25213781795958473,-1.1415139672458638,2.1.1,FaIR v1.1.0 constrained ensemble (1001 members; deterministic median)
1965,SSP1,ssp126,-0.016599617219864603,0.10504550686537831,0.23111679439610502,-1.1690708365456879,2.1.1,FaIR v1.1.0 constrained ensemble (1001 members; deterministic median)
1966,SSP1,ssp126,-0.010269486929237216,0.11909092391113371,0.24881489992937514,-1.1550254194999325,2.1.1,FaIR v1.1.0 constrained ensemble (1001 members; deterministic median)
1967,SSP1,ssp126,0.037235709850693126,0.16948128455222009,0.30057702675904135,-1.1046350588588463,2.1.1,FaIR v1.1.0 constrained ensemble (1001 members; deterministic median)
1968,SSP1,ssp126,0.056205385301953736,0.18513514656439434,0.3146353707941388,-1.0889811968466718,2.1.1,FaIR v1.1.0 constrained ensemble (1001 members; deterministic median)
1969,SSP1,ssp126,0.08023031340111057,0.20615254385903423,0.33821099908866203,-1.0679637995520321,2.1.1,FaIR v1.1.0 constrained ensemble (1001 members; deterministic median)
1970,SSP1,ssp126,0.1080705773247149,0.2327391637660772,0.3663670416577113,-1.041377179644989,2.1.1,FaIR v1.1.0 constrained ensemble (1001 members; deterministic median)
1971,SSP1,ssp126,0.12262901933529016,0.251600597335736,0.38781154507055626,-1.0225157460753302,2.1.1,FaIR v1.1.0 constrained ensemble (1001 members; deterministic median)
1972,SSP1,ssp126,0.12204192708929437,0.25343040314653364,0.39159748004682204,-1.0206859402645327,2.1.1,FaIR v1.1.0 constrained ensemble (1001 members; deterministic median)
1973,SSP1,ssp126,0.13364124832531601,0.264637035281888,0.40696700435153654,-1.0094793081291784,2.1.1,FaIR v1.1.0 constrained ensemble (1001 members; deterministic median)
1974,SSP1,ssp126,0.1504766309376454,0.2835580773485628,0.4307064508708558,-0.9905582660625034,2.1.1,FaIR v1.1.0 constrained ensemble (1001 members; deterministic median)
1975,SSP1,ssp126,0.1593550426964037,0.29343178519066176,0.4432215905250793,-0.9806845582204045,2.1.1,FaIR v1.1.0 constrained ensemble (1001 members; deterministic median)
1976,SSP1,ssp126,0.14978944625921553,0.2898047997991478,0.43571146261694904,-0.9843115436119185,2.1.1,FaIR v1.1.0 constrained ensemble (1001 members; deterministic median)
1977,SSP1,ssp126,0.16942479063220206,0.3068285046037082,0.4539603199427781,-0.967287838807358,2.1.1,FaIR v1.1.0 constrained ensemble (1001 members; deterministic median)
1978,SSP1,ssp126,0.19841596820899313,0.33442039230007753,0.4844968171757398,-0.9396959511109888,2.1.1,FaIR v1.1.0 constrained ensemble (1001 members; deterministic median)
1979,SSP1,ssp126,0.23268818014250675,0.3668698667237674,0.5198986925082524,-0.9072464766872989,2.1.1,FaIR v1.1.0 constrained ensemble (1001 members; deterministic median)
1980,SSP1,ssp126,0.2620272082325014,0.39354142051220276,0.5509372694593377,-0.8805749228988635,2.1.1,FaIR v1.1.0 constrained ensemble (1001 members; deterministic median)
1981,SSP1,ssp126,0.28064571305867003,0.41278722172416765,0.5673744009750452,-0.8613291216868986,2.1.1,FaIR v1.1.0 constrained ensemble (1001 members; deterministic median)
1982,SSP1,ssp126,0.302420902483033,0.43249333970544546,0.5822743558692537,-0.8416230037056208,2.1.1,FaIR v1.1.0 constrained ensemble (1001 members; deterministic median)
1983,SSP1,ssp126,0.28506774939402607,0.4171946461794696,0.5721137728729739,-0.8569216972315967,2.1.1,FaIR v1.1.0 constrained ensemble (1001 members; deterministic median)
1984,SSP1,ssp126,0.24901200903515866,0.3829933984117592,0.5337801354885922,-0.891122944999307,2.1.1,FaIR v1.1.0 constrained ensemble (1001 members; deterministic median)
1985,SSP1,ssp126,0.2694094026109413,0.3978799254140394,0.554634539416612,-0.8762364179970269,2.1.1,FaIR v1.1.0 constrained ensemble (1001 members; deterministic median)
1986,SSP1,ssp126,0.3064493281875168,0.4338545240280606,0.5878058153562059,-0.8402618193830057,2.1.1,FaIR v1.1.0 constrained ensemble (1001 members; deterministic median)
1987,SSP1,ssp126,0.33508100156853415,0.46131183994081293,0.6141055596941178,-0.8128045034702533,2.1.1,FaIR v1.1.0 constrained ensemble (1001 members; deterministic median)
1988,SSP1,ssp126,0.36283726137289507,0.4897500222301249,0.641553411337996,-0.7843663211809413,2.1.1,FaIR v1.1.0 constrained ensemble (1001 members; deterministic median)
1989,SSP1,ssp126,0.3979985392177302,0.5224031999894925,0.6772839579124293,-0.7517131434215738,2.1.1,FaIR v1.1.0 constrained ensemble (1001 members; deterministic median)
1990,SSP1,ssp126,0.4373584379755624,0.5642384702952231,0.7169678876123929,-0.7098778731158432,2.1.1,FaIR v1.1.0 constrained ensemble (1001 members; deterministic median)
1991,SSP1,ssp126,0.46696990171871977,0.5919295362561874,0.7451750789511637,-0.6821868071548789,2.1.1,FaIR v1.1.0 constrained ensemble (1001 members; deterministic median)
1992,SSP1,ssp126,0.4170894422911106,0.5544525439812185,0.7134080576160855,-0.7196637994298478,2.1.1,FaIR v1.1.0 constrained ensemble (1001 members; deterministic median)
1993,SSP1,ssp126,0.30260513340971573,0.4566440088164514,0.6151038572812526,-0.8174723345946149,2.1.1,FaIR v1.1.0 constrained ensemble (1001 members; deterministic median)
1994,SSP1,ssp126,0.33340328517719564,0.46895962939878144,0.629805966025216,-0.8051567140122848,2.1.1,FaIR v1.1.0 constrained ensemble (1001 members; deterministic median)
1995,SSP1,ssp126,0.3994701188936102,0.5336369381710376,0.697014516073337,-0.7404794052400286,2.1.1,FaIR v1.1.0 constrained ensemble (1001 members; deterministic median)
1996,SSP1,ssp126,0.463207849923424,0.5974416685080878,0.7581643755542974,-0.6766746749029785,2.1.1,FaIR v1.1.0 constrained ensemble (1001 members; deterministic median)
1997,SSP1,ssp126,0.5143311220188143,0.6465256998001478,0.7999724140876107,-0.6275906436109184,2.1.1,FaIR v1.1.0 constrained ensemble (1001 members; deterministic median)
1998,SSP1,ssp126,0.5332039960072726,0.6737637592386887,0.8348058808593279,-0.6003525841723776,2.1.1,FaIR v1.1.0 constrained ensemble (1001 members; deterministic median)
1999,SSP1,ssp126,0.5624691941928882,0.7067930938793111,0.8677733090614268,-0.5673232495317552,2.1.1,FaIR v1.1.0 constrained ensemble (1001 members; deterministic median)
2000,SSP1,ssp126,0.6102024158772043,0.753703184052187,0.9051048025644243,-0.5204131593588793,2.1.1,FaIR v1.1.0 constrained ensemble (1001 members; deterministic median)
2001,SSP1,ssp126,0.6566846335119093,0.7977253537633581,0.947506535660124,-0.4763909896477082,2.1.1,FaIR v1.1.0 constrained ensemble (1001 members; deterministic median)
2002,SSP1,ssp126,0.6880182521245384,0.8285403552277568,0.9786725150640432,-0.44557598818330946,2.1.1,FaIR v1.1.0 constrained ensemble (1001 members; deterministic median)
2003,SSP1,ssp126,0.7000833860927819,0.8491510674473806,1.0013506729644908,-0.4249652759636857,2.1.1,FaIR v1.1.0 constrained ensemble (1001 members; deterministic median)
2004,SSP1,ssp126,0.7050736394985961,0.8568713076294966,1.0123896714907,-0.4172450357815697,2.1.1,FaIR v1.1.0 constrained ensemble (1001 members; deterministic median)
2005,SSP1,ssp126,0.7135809240180637,0.8694065767199469,1.0237571442485702,-0.40470976669111935,2.1.1,FaIR v1.1.0 constrained ensemble (1001 members; deterministic median)
2006,SSP1,ssp126,0.7200751440753042,0.8761607836531262,1.0332263998439064,-0.39795555975794006,2.1.1,FaIR v1.1.0 constrained ensemble (1001 members; deterministic median)
2007,SSP1,ssp126,0.7252440166151948,0.8854648924891311,1.043850036391237,-0.3886514509219352,2.1.1,FaIR v1.1.0 constrained ensemble (1001 members; deterministic median)
2008,SSP1,ssp126,0.7368098656467004,0.8990064274469788,1.0581690277994904,-0.3751099159640875,2.1.1,FaIR v1.1.0 constrained ensemble (1001 members; deterministic median)
2009,SSP1,ssp126,0.7575255490753751,0.9197429260698502,1.0797124241695568,-0.3543734173412161,2.1.1,FaIR v1.1.0 constrained ensemble (1001 members; deterministic median)
2010,SSP1,ssp126,0.777227291363001,0.9425192269520106,1.0996416930058348,-0.33159711645905565,2.1.1,FaIR v1.1.0 constrained ensemble (1001 members; deterministic median)
2011,SSP1,ssp126,0.7972787737719547,0.9660260336162155,1.1280369002116315,-0.30809030979485075,2.1.1,FaIR v1.1.0 constrained ensemble (1001 members; deterministic median)
2012,SSP1,ssp126,0.8236342048809008,0.9953008998145088,1.155156638071846,-0.2788154435965575,2.1.1,FaIR v1.1.0 constrained ensemble (1001 members; deterministic median)
2013,SSP1,ssp126,0.8452965650258889,1.0194654611933625,1.1861606255883252,-0.2546508822177038,2.1.1,FaIR v1.1.0 constrained ensemble (1001 members; deterministic median)
2014,SSP1,ssp126,0.8728655929164966,1.0508249465880717,1.220260534179642,-0.2232913968229946,2.1.1,FaIR v1.1.0 constrained ensemble (1001 members; deterministic median)
2015,SSP1,ssp126,0.889845187518119,1.0742515297790938,1.250514560616798,-0.1998648136319725,2.1.1,FaIR v1.1.0 constrained ensemble (1001 members; deterministic median)
2016,SSP1,ssp126,0.9144336419711749,1.1020705444553072,1.2773734890969846,-0.1720457989557591,2.1.1,FaIR v1.1.0 constrained ensemble (1001 members; deterministic median)
2017,SSP1,ssp126,0.9390883776602437,1.1266796624043776,1.3079959916670985,-0.14743668100668872,2.1.1,FaIR v1.1.0 constrained ensemble (1001 members; deterministic median)
2018,SSP1,ssp126,0.9637709741150843,1.1545898767695126,1.3404369222403616,-0.11952646664155364,2.1.1,FaIR v1.1.0 constrained ensemble (1001 members; deterministic median)
2019,SSP1,ssp126,0.9835226910929464,1.182275036317847,1.3723874310279058,-0.09184130709321936,2.1.1,FaIR v1.1.0 constrained ensemble (1001 members; deterministic median)
2020,SSP1,ssp126,1.0077025053490904,1.2109702804402411,1.4127004553635008,-0.06314606297082515,2.1.1,FaIR v1.1.0 constrained ensemble (1001 members; deterministic median)
2021,SSP1,ssp126,1.031114002447635,1.2443660263297005,1.4525276111772698,-0.029750317081365774,2.1.1,FaIR v1.1.0 constrained ensemble (1001 members; deterministic median)
2022,SSP1,ssp126,1.0591953212430438,1.2741163434110663,1.4918667144070583,0.0,2.1.1,FaIR v1.1.0 constrained ensemble (1001 members; deterministic median)
2023,SSP1,ssp126,1.087154819995404,1.3076620116431534,1.5327097269557293,0.033545668232087156,2.1.1,FaIR v1.1.0 constrained ensemble (1001 members; deterministic median)
2024,SSP1,ssp126,1.1091181338831475,1.3405214267893337,1.5728346179656227,0.06640508337826745,2.1.1,FaIR v1.1.0 constrained ensemble (1001 members; deterministic median)
2025,SSP1,ssp126,1.1334669019524697,1.3673076290522965,1.6108043181657161,0.09319128564123025,2.1.1,FaIR v1.1.0 constrained ensemble (1001 members; deterministic median)
2026,SSP1,ssp126,1.15301634760485,1.39186322947256,1.642868058591983,0.11774688606149364,2.1.1,FaIR v1.1.0 constrained ensemble (1001 members; deterministic median)
2027,SSP1,ssp126,1.1714337728560105,1.4117322473870544,1.6712286403884609,0.1376159039759881,2.1.1,FaIR v1.1.0 constrained ensemble (1001 members; deterministic median)
2028,SSP1,ssp126,1.1810724426119315,1.4315834477974347,1.6972745696207814,0.15746710438636846,2.1.1,FaIR v1.1.0 constrained ensemble (1001 members; deterministic median)
2029,SSP1,ssp126,1.186598516917356,1.4501036395650744,1.721142519087035,0.1759872961540081,2.1.1,FaIR v1.1.0 constrained ensemble (1001 members; deterministic median)
2030,SSP1,ssp126,1.2013227638475288,1.4672602527141385,1.7486008409251115,0.19314390930307224,2.1.1,FaIR v1.1.0 constrained ensemble (1001 members; deterministic median)
2031,SSP1,ssp126,1.211354143603644,1.486242069359466,1.7808517885840178,0.21212572594839973,2.1.1,FaIR v1.1.0 constrained ensemble (1001 members; deterministic median)
2032,SSP1,ssp126,1.222391075573342,1.5056213494638333,1.8084398851800592,0.23150500605276703,2.1.1,FaIR v1.1.0 constrained ensemble (1001 members; deterministic median)
2033,SSP1,ssp126,1.2333670057983765,1.5205583075153528,1.832194545568265,0.24644196410428654,2.1.1,FaIR v1.1.0 constrained ensemble (1001 members; deterministic median)
2034,SSP1,ssp126,1.2483969828905461,1.5394469621345879,1.8595845873121302,0.2653306187235216,2.1.1,FaIR v1.1.0 constrained ensemble (1001 members; deterministic median)
2035,SSP1,ssp126,1.2642951140750405,1.562845199292216,1.8946238506051132,0.2887288558811498,2.1.1,FaIR v1.1.0 constrained ensemble (1001 members; deterministic median)
2036,SSP1,ssp126,1.2766788894490215,1.583606911378128,1.926769766416309,0.30949056796706165,2.1.1,FaIR v1.1.0 constrained ensemble (1001 members; deterministic median)
2037,SSP1,ssp126,1.2929846118581774,1.6034267356783074,1.9518617553498279,0.3293103922672411,2.1.1,FaIR v1.1.0 constrained ensemble (1001 members; deterministic median)
2038,SSP1,ssp126,1.3027377530869428,1.618425028368815,1.983148170602773,0.3443086849577488,2.1.1,FaIR v1.1.0 constrained ensemble (1001 members; deterministic median)
2039,SSP1,ssp126,1.3120093436918117,1.635175602850589,2.0080161102512206,0.3610592594395228,2.1.1,FaIR v1.1.0 constrained ensemble (1001 members; deterministic median)
2040,SSP1,ssp126,1.3212472748013289,1.6490656486812818,2.0304367064162414,0.3749493052702155,2.1.1,FaIR v1.1.0 constrained ensemble (1001 members; deterministic median)
2041,SSP1,ssp126,1.325072510821088,1.6584210084700082,2.046636619693584,0.3843046650589419,2.1.1,FaIR v1.1.0 constrained ensemble (1001 members; deterministic median)
2042,SSP1,ssp126,1.3297444141553068,1.6659451543801342,2.058357578743554,0.39182881096906796,2.1.1,FaIR v1.1.0 constrained ensemble (1001 members; deterministic median)
2043,SSP1,ssp126,1.3322170648885836,1.6702723997666848,2.076102920289206,0.39615605635561857,2.1.1,FaIR v1.1.0 constrained ensemble (1001 members; deterministic median)
2044,SSP1,ssp126,1.3341592351208718,1.6769254066724648,2.0905765970396715,0.40280906326139854,2.1.1,FaIR v1.1.0 constrained ensemble (1001 members; deterministic median)
2045,SSP1,ssp126,1.3388097854257928,1.685393299027565,2.1091121687217775,0.4112769556164988,2.1.1,FaIR v1.1.0 constrained ensemble (1001 members; deterministic median)
2046,SSP1,ssp126,1.3491420457275787,1.6979714542585118,2.136867307243885,0.42385511084744554,2.1.1,FaIR v1.1.0 constrained ensemble (1001 members; deterministic median)
2047,SSP1,ssp126,1.3586763175332657,1.7110511960299735,2.162466597342751,0.4369348526189072,2.1.1,FaIR v1.1.0 constrained ensemble (1001 members; deterministic median)
2048,SSP1,ssp126,1.370397473794445,1.7293373158008007,2.183080183226805,0.45522097238973447,2.1.1,FaIR v1.1.0 constrained ensemble (1001 members; deterministic median)
2049,SSP1,ssp126,1.375863571523128,1.7424316363611712,2.199628312039617,0.4683152929501049,2.1.1,FaIR v1.1.0 constrained ensemble (1001 members; deterministic median)
2050,SSP1,ssp126,1.3773292809102025,1.7494852587098748,2.225587072859973,0.47536891529880854,2.1.1,FaIR v1.1.0 constrained ensemble (1001 members; deterministic median)
2051,SSP1,ssp126,1.3779055317829967,1.7525795645950564,2.2357458555803937,0.4784632211839901,2.1.1,FaIR v1.1.0 constrained ensemble (1001 members; deterministic median)
2052,SSP1,ssp126,1.372586911321952,1.7559004208864908,2.244731225525653,0.4817840774754245,2.1.1,FaIR v1.1.0 constrained ensemble (1001 members; deterministic median)
2053,SSP1,ssp126,1.3702243240242022,1.7602076466634267,2.252808162877645,0.4860913032523604,2.1.1,FaIR v1.1.0 constrained ensemble (1001 members; deterministic median)
2054,SSP1,ssp126,1.3700816131178801,1.7608681301618974,2.2594544852844236,0.4867517867508311,2.1.1,FaIR v1.1.0 constrained ensemble (1001 members; deterministic median)
2055,SSP1,ssp126,1.3680362632608047,1.7660472408871113,2.268329138910864,0.491930897476045,2.1.1,FaIR v1.1.0 constrained ensemble (1001 members; deterministic median)
2056,SSP1,ssp126,1.3754211575740163,1.772204081077886,2.2798337891684706,0.4980877376668198,2.1.1,FaIR v1.1.0 constrained ensemble (1001 members; deterministic median)
2057,SSP1,ssp126,1.3788131726623067,1.781508625491525,2.2946848545160408,0.5073922820804588,2.1.1,FaIR v1.1.0 constrained ensemble (1001 members; deterministic median)
2058,SSP1,ssp126,1.3831758801928746,1.7895574855792107,2.3122941683694056,0.5154411421681444,2.1.1,FaIR v1.1.0 constrained ensemble (1001 members; deterministic median)
2059,SSP1,ssp126,1.3851742867840422,1.7958627276647288,2.322039568168981,0.5217463842536625,2.1.1,FaIR v1.1.0 constrained ensemble (1001 members; deterministic median)
2060,SSP1,ssp126,1.3860288894484845,1.8015506055171855,2.3337672675909054,0.5274342621061192,2.1.1,FaIR v1.1.0 constrained ensemble (1001 members; deterministic median)
2061,SSP1,ssp126,1.3835911057905235,1.8059007074974702,2.33920040467134,0.531784364086404,2.1.1,FaIR v1.1.0 constrained ensemble (1001 members; deterministic median)
2062,SSP1,ssp126,1.382698272988463,1.805405706277163,2.3472984349947077,0.5312893628660966,2.1.1,FaIR v1.1.0 constrained ensemble (1001 members; deterministic median)
2063,SSP1,ssp126,1.3780909664660559,1.804168263948406,2.3511795584230137,0.5300519205373397,2.1.1,FaIR v1.1.0 constrained ensemble (1001 members; deterministic median)
2064,SSP1,ssp126,1.376022495133771,1.804391231265236,2.3551570653188008,0.5302748878541697,2.1.1,FaIR v1.1.0 constrained ensemble (1001 members; deterministic median)
2065,SSP1,ssp126,1.3741607205872242,1.8049562790132663,2.3595908283880056,0.5308399356022,2.1.1,FaIR v1.1.0 constrained ensemble (1001 members; deterministic median)
2066,SSP1,ssp126,1.3730063372247068,1.8054326278433552,2.3688998962902876,0.531316284432289,2.1.1,FaIR v1.1.0 constrained ensemble (1001 members; deterministic median)
2067,SSP1,ssp126,1.3743229889966182,1.810578299021849,2.3799025479493507,0.5364619556107828,2.1.1,FaIR v1.1.0 constrained ensemble (1001 members; deterministic median)
2068,SSP1,ssp126,1.3786806240912526,1.8177809194207142,2.3918880226916848,0.5436645760096479,2.1.1,FaIR v1.1.0 constrained ensemble (1001 members; deterministic median)
2069,SSP1,ssp126,1.3821268320899238,1.8255856512699122,2.406751441037314,0.551469307858846,2.1.1,FaIR v1.1.0 constrained ensemble (1001 members; deterministic median)
2070,SSP1,ssp126,1.3836336259014173,1.8288503989755611,2.4210011393543325,0.5547340555644948,2.1.1,FaIR v1.1.0 constrained ensemble (1001 members; deterministic median)
2071,SSP1,ssp126,1.3835788066141554,1.8284647020591203,2.4252483379761407,0.554348358648054,2.1.1,FaIR v1.1.0 constrained ensemble (1001 members; deterministic median)
2072,SSP1,ssp126,1.3804681822657567,1.8256613592436846,2.4277338833101325,0.5515450158326183,2.1.1,FaIR v1.1.0 constrained ensemble (1001 members; deterministic median)
2073,SSP1,ssp126,1.37930066966996,1.8252585823791616,2.426890231991061,0.5511422389680953,2.1.1,FaIR v1.1.0 constrained ensemble (1001 members; deterministic median)
2074,SSP1,ssp126,1.375402177962594,1.820312088708995,2.423390044408659,0.5461957452979287,2.1.1,FaIR v1.1.0 constrained ensemble (1001 members; deterministic median)
2075,SSP1,ssp126,1.3744440111387073,1.816676962270304,2.418976338700995,0.5425606188592378,2.1.1,FaIR v1.1.0 constrained ensemble (1001 members; deterministic median)
2076,SSP1,ssp126,1.3727315705858807,1.8155207730228762,2.4191162020339227,0.5414044296118099,2.1.1,FaIR v1.1.0 constrained ensemble (1001 members; deterministic median)
2077,SSP1,ssp126,1.3670222815974287,1.8117859729766583,2.417642025474855,0.537669629565592,2.1.1,FaIR v1.1.0 constrained ensemble (1001 members; deterministic median)
2078,SSP1,ssp126,1.3625524886292781,1.8105470055999329,2.423458071698629,0.5364306621888666,2.1.1,FaIR v1.1.0 constrained ensemble (1001 members; deterministic median)
2079,SSP1,ssp126,1.361814914763489,1.811369659757454,2.428607885474261,0.5372533163463877,2.1.1,FaIR v1.1.0 constrained ensemble (1001 members; deterministic median)
2080,SSP1,ssp126,1.3642798021114146,1.8139380306355317,2.4411425865592893,0.5398216872244654,2.1.1,FaIR v1.1.0 constrained ensemble (1001 members; deterministic median)
2081,SSP1,ssp126,1.3632699378319044,1.8141002633834504,2.448090181627385,0.5399839199723842,2.1.1,FaIR v1.1.0 constrained ensemble (1001 members; deterministic median)
2082,SSP1,ssp126,1.3625971462618363,1.8136756149904887,2.4474413108144564,0.5395592715794224,2.1.1,FaIR v1.1.0 constrained ensemble (1001 members; deterministic median)
2083,SSP1,ssp126,1.35923649671046,1.8131567055880597,2.4445900376333616,0.5390403621769935,2.1.1,FaIR v1.1.0 constrained ensemble (1001 members; deterministic median)
2084,SSP1,ssp126,1.3539067154703992,1.8090286871051762,2.4433423412166433,0.5349123436941099,2.1.1,FaIR v1.1.0 constrained ensemble (1001 members; deterministic median)
2085,SSP1,ssp126,1.348475246886101,1.8067864218319138,2.4446792701059685,0.5326700784208476,2.1.1,FaIR v1.1.0 constrained ensemble (1001 members; deterministic median)
2086,SSP1,ssp126,1.3406486165844154,1.800731201886048,2.4431700745016465,0.5266148584749817,2.1.1,FaIR v1.1.0 constrained ensemble (1001 members; deterministic median)
2087,SSP1,ssp126,1.3349219354981468,1.7935082844137944,2.4407203605255314,0.5193919410027281,2.1.1,FaIR v1.1.0 constrained ensemble (1001 members; deterministic median)
2088,SSP1,ssp126,1.3299252134037554,1.7872605853221653,2.437180810079598,0.513144241911099,2.1.1,FaIR v1.1.0 constrained ensemble (1001 members; deterministic median)
2089,SSP1,ssp126,1.325513697695234,1.7829655936172628,2.437600669191439,0.5088492502061965,2.1.1,FaIR v1.1.0 constrained ensemble (1001 members; deterministic median)
2090,SSP1,ssp126,1.3221793593962408,1.7806816724285555,2.4398222929355797,0.5065653290174892,2.1.1,FaIR v1.1.0 constrained ensemble (1001 members; deterministic median)
2091,SSP1,ssp126,1.320354088953301,1.7820685264322498,2.4437649110269994,0.5079521830211835,2.1.1,FaIR v1.1.0 constrained ensemble (1001 members; deterministic median)
2092,SSP1,ssp126,1.3216890342884418,1.7847260600273356,2.4479043377423975,0.5106097166162693,2.1.1,FaIR v1.1.0 constrained ensemble (1001 members; deterministic median)
2093,SSP1,ssp126,1.3249006060288688,1.7862955030307486,2.4542995208662646,0.5121791596196823,2.1.1,FaIR v1.1.0 constrained ensemble (1001 members; deterministic median)
2094,SSP1,ssp126,1.323841140467553,1.7882902156326832,2.4590240587180485,0.5141738722216169,2.1.1,FaIR v1.1.0 constrained ensemble (1001 members; deterministic median)
2095,SSP1,ssp126,1.3176780058207616,1.7848512167409794,2.4598033709777183,0.5107348733299131,2.1.1,FaIR v1.1.0 constrained ensemble (1001 members; deterministic median)
2096,SSP1,ssp126,1.311437380774218,1.7795235605483906,2.4601429251311746,0.5054072171373243,2.1.1,FaIR v1.1.0 constrained ensemble (1001 members; deterministic median)
2097,SSP1,ssp126,1.30626787440031,1.7743462107893107,2.458802899654295,0.5002298673782444,2.1.1,FaIR v1.1.0 constrained ensemble (1001 members; deterministic median)
2098,SSP1,ssp126,1.298256013801218,1.7696677513259815,2.458568983710973,0.49555140791491525,2.1.1,FaIR v1.1.0 constrained ensemble (1001 members; deterministic median)
2099,SSP1,ssp126,1.2901818275724564,1.765046105135368,2.4553988859297684,0.4909297617243018,2.1.1,FaIR v1.1.0 constrained ensemble (1001 members; deterministic median)
2100,SSP1,ssp126,1.2858550796042316,1.7615111689386296,2.4548507297548396,0.4873948255275633,2.1.1,FaIR v1.1.0 constrained ensemble (1001 members; deterministic median)
1750,SSP2,ssp245,-0.07947160555953202,-0.03262765950500483,0.02919768291936217,-1.3058284603965387,2.1.1,FaIR v1.1.0 constrained ensemble (1001 members; deterministic median)
1751,SSP2,ssp245,-0.05079588202487503,-0.00022493299986717924,0.06448163417412171,-1.273425733891401,2.1.1,FaIR v1.1.0 constrained ensemble (1001 members; deterministic median)
1752,SSP2,ssp245,-0.03243993205576503,0.019238211378237537,0.08644268321987841,-1.2539625895132964,2.1.1,FaIR v1.1.0 constrained ensemble (1001 members; deterministic median)
1753,SSP2,ssp245,-0.026678433216432484,0.027173346890932964,0.09532246233824106,-1.2460274540006009,2.1.1,FaIR v1.1.0 constrained ensemble (1001 members; deterministic median)
1754,SSP2,ssp245,-0.027695878633276952,0.027158835997199388,0.09527321009279911,-1.2460419648943344,2.1.1,FaIR v1.1.0 constrained ensemble (1001 members; deterministic median)
1755,SSP2,ssp245,-0.05987733306293851,-0.007520790462028084,0.06266222767488723,-1.280721591353562,2.1.1,FaIR v1.1.0 constrained ensemble (1001 members; deterministic median)
1756,SSP2,ssp245,-0.07222183074621218,-0.02073184496692674,0.04879715921893433,-1.2939326458584606,2.1.1,FaIR v1.1.0 constrained ensemble (1001 members; deterministic median)
1757,SSP2,ssp245,-0.06593910709808994,-0.014965359187471432,0.053906286926664174,-1.2881661600790053,2.1.1,FaIR v1.1.0 constrained ensemble (1001 members; deterministic median)
1758,SSP2,ssp245,-0.05661983467783669,-0.00557126662277431,0.06070013548315399,-1.2787720675143082,2.1.1,FaIR v1.1.0 constrained ensemble (1001 members; deterministic median)
1759,SSP2,ssp245,-0.04286898728916658,0.0086864676575843,0.07395144200728916,-1.2645143332339495,2.1.1,FaIR v1.1.0 constrained ensemble (1001 members; deterministic median)
1760,SSP2,ssp245,-0.028482256063030717,0.023408490055888968,0.09069655202205647,-1.2497923108356448,2.1.1,FaIR v1.1.0 constrained ensemble (1001 members; deterministic median)
1761,SSP2,ssp245,-0.017384243750694556,0.035047975223204554,0.10446134411633959,-1.2381528256683294,2.1.1,FaIR v1.1.0 constrained ensemble (1001 members; deterministic median)
1762,SSP2,ssp245,-0.011752258230912332,0.04283312013318633,0.11274664995128511,-1.2303676807583475,2.1.1,FaIR v1.1.0 constrained ensemble (1001 members; deterministic median)
1763,SSP2,ssp245,-0.10752127655330415,-0.04660515709446264,0.028817793372026012,-1.3198059579859964,2.1.1,FaIR v1.1.0 constrained ensemble (1001 members; deterministic median)
1764,SSP2,ssp245,-0.13021092518655625,-0.07615234751618943,-0.003812452338350765,-1.3493531484077232,2.1.1,FaIR v1.1.0 constrained ensemble (1001 members; deterministic median)
1765,SSP2,ssp245,-0.10786748909026078,-0.05369604229419901,0.015066985139631953,-1.3268968431857329,2.1.1,FaIR v1.1.0 constrained ensemble (1001 members; deterministic median)
1766,SSP2,ssp245,-0.08436615128377126,-0.033665628887613784,0.03309299160041964,-1.3068664297791477,2.1.1,FaIR v1.1.0 constrained ensemble (1001 members; deterministic median)
1767,SSP2,ssp245,-0.0675319643604663,-0.019095944486545467,0.04694090418312899,-1.2922967453780794,2.1.1,FaIR v1.1.0 constrained ensemble (1001 members; deterministic median)
1768,SSP2,ssp245,-0.09985485347245324,-0.05209839268757287,0.01185266869263998,-1.3252991935791067,2.1.1,FaIR v1.1.0 constrained ensemble (1001 members; deterministic median)
1769,SSP2,ssp245,-0.09882263729887283,-0.05308056491766275,0.007766901257573192,-1.3262813658091965,2.1.1,FaIR v1.1.0 constrained ensemble (1001 members; deterministic median)
1770,SSP2,ssp245,-0.07136772023614821,-0.022891024198895056,0.041130631193627205,-1.296091825090429,2.1.1,FaIR v1.1.0 constrained ensemble (1001 members; deterministic median)
1771,SSP2,ssp245,-0.043506411615217386,0.006039331964113048,0.07353884191281852,-1.2671614689274209,2.1.1,FaIR v1.1.0 constrained ensemble (1001 members; deterministic median)
1772,SSP2,ssp245,-0.025433767952362338,0.027063855275468313,0.09524496294542895,-1.2461369456160656,2.1.1,FaIR v1.1.0 constrained ensemble (1001 members; deterministic median)
1773,SSP2,ssp245,-0.01671390821774351,0.03790213025951448,0.10926546884500456,-1.2352986706320195,2.1.1,FaIR v1.1.0 constrained ensemble (1001 members; deterministic median)
1774,SSP2,ssp245,-0.014601311602525854,0.041229661336857154,0.11306811952441645,-1.2319711395546766,2.1.1,FaIR v1.1.0 constrained ensemble (1001 members; deterministic median)
1775,SSP2,ssp245,-0.01834733457978259,0.03627846457843605,0.10479763512335381,-1.236922336313098,2.1.1,FaIR v1.1.0 constrained ensemble (1001 members; deterministic median)
1776,SSP2,ssp245,-0.023483167160208436,0.030524216950220076,0.09885271647987581,-1.2426765839413139,2.1.1,FaIR v1.1.0 constrained ensemble (1001 members; deterministic median)
1777,SSP2,ssp245,-0.02839203529893987,0.026248870661647335,0.09630028557569567,-1.2469519302298866,2.1.1,FaIR v1.1.0 constrained ensemble (1001 members; deterministic median)
1778,SSP2,ssp245,-0.029673667566985612,0.023815010603278293,0.09399639816093802,-1.2493857902882555,2.1.1,FaIR v1.1.0 constrained ensemble (1001 members; deterministic median)
1779,SSP2,ssp245,-0.02506842334765675,0.02772567548748553,0.09700654487628724,-1.2454751254040484,2.1.1,FaIR v1.1.0 constrained ensemble (1001 members; deterministic median)
1780,SSP2,ssp245,-0.01250416288853795,0.040221633204082854,0.11137060034599654,-1.232979167687451,2.1.1,FaIR v1.1.0 constrained ensemble (1001 members; deterministic median)
1781,SSP2,ssp245,-0.00033075103758645197,0.05287494337355345,0.12587117911636378,-1.2203258575179805,2.1.1,FaIR v1.1.0 constrained ensemble (1001 members; deterministic median)
1782,SSP2,ssp245,0.006174970927009776,0.0621219202240048,0.13599443346376766,-1.211078880667529,2.1.1,FaIR v1.1.0 constrained ensemble (1001 members; deterministic median)
1783,SSP2,ssp245,0.007711367783412082,0.06457590233472632,0.13967489791989182,-1.2086248985568075,2.1.1,FaIR v1.1.0 constrained ensemble (1001 members; deterministic median)
1784,SSP2,ssp245,-0.21470042364765818,-0.12252189376094336,-0.022186681852568127,-1.3957226946524772,2.1.1,FaIR v1.1.0 constrained ensemble (1001 members; deterministic median)
1785,SSP2,ssp245,-0.2678510009793896,-0.18210625957714605,-0.09330309695024355,-1.45530706046868,2.1.1,FaIR v1.1.0 constrained ensemble (1001 members; deterministic median)
1786,SSP2,ssp245,-0.216245411419642,-0.14145089136594932,-0.06224865558822516,-1.4146516922574832,2.1.1,FaIR v1.1.0 constrained ensemble (1001 members; deterministic median)
1787,SSP2,ssp245,-0.15514445284859713,-0.09025072991908743,-0.017659607100408845,-1.3634515308106212,2.1.1,FaIR v1.1.0 constrained ensemble (1001 members; deterministic median)
1788,SSP2,ssp245,-0.11134987627146606,-0.05432307258011873,0.011136043190126633,-1.3275238734716526,2.1.1,FaIR v1.1.0 constrained ensemble (1001 members; deterministic median)
1789,SSP2,ssp245,-0.0740169438606637,-0.024720695290656867,0.03413566724279654,-1.2979214961821908,2.1.1,FaIR v1.1.0 constrained ensemble (1001 members; deterministic median)
1790,SSP2,ssp245,-0.043604923440222564,0.005669493510756889,0.0671582365076538,-1.267531307380777,2.1.1,FaIR v1.1.0 constrained ensemble (1001 members; deterministic median)
1791,SSP2,ssp245,-0.022399216116992332,0.0276856538313508,0.0932034439483643,-1.245515147060183,2.1.1,FaIR v1.1.0 constrained ensemble (1001 members; deterministic median)
1792,SSP2,ssp245,-0.009241911846948794,0.04355303947163339,0.11254466189653747,-1.2296477614199004,2.1.1,FaIR v1.1.0 constrained ensemble (1001 members; deterministic median)
1793,SSP2,ssp245,-0.001721377212674513,0.05225722737281828,0.12412623938104532,-1.2209435735187155,2.1.1,FaIR v1.1.0 constrained ensemble (1001 members; deterministic median)
1794,SSP2,ssp245,-2.2465388129541686e-05,0.05547462490371512,0.12800398666277224,-1.2177261759878188,2.1.1,FaIR v1.1.0 constrained ensemble (1001 members; deterministic median)
1795,SSP2,ssp245,-0.002146362338212318,0.05088466388627366,0.12190775008792831,-1.2223161370052602,2.1.1,FaIR v1.1.0 constrained ensemble (1001 members; deterministic median)
1796,SSP2,ssp245,-0.023121133934414936,0.02753569963287634,0.09548833677334695,-1.2456651012586575,2.1.1,FaIR v1.1.0 constrained ensemble (1001 members; deterministic median)
1797,SSP2,ssp245,-0.03341844876789314,0.0171170499039677,0.08505531098853095,-1.2560837509875662,2.1.1,FaIR v1.1.0 constrained ensemble (1001 members; deterministic median)
1798,SSP2,ssp245,-0.03359817272693036,0.01550042576413501,0.08145709820413134,-1.257700375127399,2.1.1,FaIR v1.1.0 constrained ensemble (1001 members; deterministic median)
1799,SSP2,ssp245,-0.032819461831244165,0.015001579216677725,0.07698230012394267,-1.258199221674856,2.1.1,FaIR v1.1.0 constrained ensemble (1001 members; deterministic median)
1800,SSP2,ssp245,-0.03125018822409828,0.016274388652063924,0.0789271171421454,-1.2569264122394699,2.1.1,FaIR v1.1.0 constrained ensemble (1001 members; deterministic median)
1801,SSP2,ssp245,-0.028196188498452734,0.019294437591836168,0.08319272967691982,-1.2539063632996976,2.1.1,FaIR v1.1.0 constrained ensemble (1001 members; deterministic median)
1802,SSP2,ssp245,-0.021930509955679862,0.026130101286973764,0.0916207212027509,-1.2470706996045602,2.1.1,FaIR v1.1.0 constrained ensemble (1001 members; deterministic median)
1803,SSP2,ssp245,-0.014589215048247,0.03400689753040512,0.10038650552504225,-1.2391939033611288,2.1.1,FaIR v1.1.0 constrained ensemble (1001 members; deterministic median)
1804,SSP2,ssp245,-0.007668510929948455,0.04229671014177132,0.1097836667715091,-1.2309040907497626,2.1.1,FaIR v1.1.0 constrained ensemble (1001 members; deterministic median)
1805,SSP2,ssp245,-0.003852738403434461,0.047883702190986976,0.117374535913766,-1.2253170987005468,2.1.1,FaIR v1.1.0 constrained ensemble (1001 members; deterministic median)
1806,SSP2,ssp245,-0.0020936025309677836,0.04931022462800365,0.11936591604350559,-1.2238905762635301,2.1.1,FaIR v1.1.0 constrained ensemble (1001 members; deterministic median)
1807,SSP2,ssp245,-0.002024813158788774,0.04933228847905617,0.11955818583262626,-1.2238685124124777,2.1.1,FaIR v1.1.0 constrained ensemble (1001 members; deterministic median)
1808,SSP2,ssp245,-0.004165248060123167,0.04734137811647385,0.11614349059562254,-1.22585942277506,2.1.1,FaIR v1.1.0 constrained ensemble (1001 members; deterministic median)
1809,SSP2,ssp245,-0.008009377605912318,0.041455921258200426,0.10710589531429836,-1.2317448796333335,2.1.1,FaIR v1.1.0 constrained ensemble (1001 members; deterministic median)
1810,SSP2,ssp245,-0.3795501350014984,-0.2447187400785102,-0.1185149783946286,-1.5179195409700441,2.1.1,FaIR v1.1.0 constrained ensemble (1001 members; deterministic median)
1811,SSP2,ssp245,-0.46435799459565497,-0.33387943206988857,-0.21681831703314186,-1.6070802329614224,2.1.1,FaIR v1.1.0 constrained ensemble (1001 members; deterministic median)
1812,SSP2,ssp245,-0.3766404521106772,-0.2590545458856043,-0.15535635928684305,-1.5322553467771383,2.1.1,FaIR v1.1.0 constrained ensemble (1001 members; deterministic median)
1813,SSP2,ssp245,-0.2685623360779876,-0.16960400811112833,-0.08258685052133766,-1.4428048090026622,2.1.1,FaIR v1.1.0 constrained ensemble (1001 members; deterministic median)
1814,SSP2,ssp245,-0.18680319359279096,-0.10922535622809418,-0.03511900289243573,-1.3824261571196281,2.1.1,FaIR v1.1.0 constrained ensemble (1001 members; deterministic median)
1815,SSP2,ssp245,-0.13188932354496608,-0.07143586631835001,-0.009857525419318591,-1.344636667209884,2.1.1,FaIR v1.1.0 constrained ensemble (1001 members; deterministic median)
1816,SSP2,ssp245,-0.830233481074423,-0.5731360164663409,-0.3575612926400308,-1.8463368173578747,2.1.1,FaIR v1.1.0 constrained ensemble (1001 members; deterministic median)
1817,SSP2,ssp245,-1.0160917110568761,-0.7462461481983127,-0.5217993542654696,-2.0194469490898466,2.1.1,FaIR v1.1.0 constrained ensemble (1001 members; deterministic median)
1818,SSP2,ssp245,-0.831019777095295,-0.5850608925762952,-0.38627012054858967,-1.858261693467829,2.1.1,FaIR v1.1.0 constrained ensemble (1001 members; deterministic median)
1819,SSP2,ssp245,-0.622160941105343,-0.4000128052986497,-0.23908426301403404,-1.6732136061901834,2.1.1,FaIR v1.1.0 constrained ensemble (1001 members; deterministic median)
1820,SSP2,ssp245,-0.45909999782216765,-0.2757172561126474,-0.15279638388582337,-1.5489180570041814,2.1.1,FaIR v1.1.0 constrained ensemble (1001 members; deterministic median)
1821,SSP2,ssp245,-0.34005199429312977,-0.20010216747139134,-0.1065688535139797,-1.4733029683629253,2.1.1,FaIR v1.1.0 constrained ensemble (1001 members; deterministic median)
1822,SSP2,ssp245,-0.2656487925637221,-0.15520994273847857,-0.07870289941352017,-1.4284107436300124,2.1.1,FaIR v1.1.0 constrained ensemble (1001 members; deterministic median)
1823,SSP2,ssp245,-0.24299694353739826,-0.14569758273210778,-0.08166211122228484,-1.4188983836236417,2.1.1,FaIR v1.1.0 constrained ensemble (1001 members; deterministic median)
1824,SSP2,ssp245,-0.21529963562607346,-0.12799567599867806,-0.07152409851549596,-1.4011964768902119,2.1.1,FaIR v1.1.0 constrained ensemble (1001 members; deterministic median)
1825,SSP2,ssp245,-0.17951049124030943,-0.10419155062746002,-0.05076882156687146,-1.3773923515189939,2.1.1,FaIR v1.1.0 constrained ensemble (1001 members; deterministic median)
1826,SSP2,ssp245,-0.145256323834907,-0.08013589552573339,-0.029973516387680296,-1.3533366964172673,2.1.1,FaIR v1.1.0 constrained ensemble (1001 members; deterministic median)
1827,SSP2,ssp245,-0.11574288739092514,-0.057939216474495084,-0.00513171933202828,-1.331140017366029,2.1.1,FaIR v1.1.0 constrained ensemble (1001 members; deterministic median)
1828,SSP2,ssp245,-0.09469620441447137,-0.038956308366301255,0.013820123618563739,-1.312157109257835,2.1.1,FaIR v1.1.0 constrained ensemble (1001 members; deterministic median)
1829,SSP2,ssp245,-0.07760780461054943,-0.026277396185335665,0.023320783613322398,-1.2994781970768696,2.1.1,FaIR v1.1.0 constrained ensemble (1001 members; deterministic median)
1830,SSP2,ssp245,-0.06368804732294364,-0.016446251746547604,0.03321560453836831,-1.2896470526380814,2.1.1,FaIR v1.1.0 constrained ensemble (1001 members; deterministic median)
1831,SSP2,ssp245,-0.05467971887053458,-0.011113835203871367,0.03875359427393656,-1.2843146360954052,2.1.1,FaIR v1.1.0 constrained ensemble (1001 members; deterministic median)
1832,SSP2,ssp245,-0.4347905938319729,-0.2938590614651492,-0.16523639445461824,-1.567059862356683,2.1.1,FaIR v1.1.0 constrained ensemble (1001 members; deterministic median)
1833,SSP2,ssp245,-0.5179901812949433,-0.3828606757909218,-0.27163534369313946,-1.6560614766824557,2.1.1,FaIR v1.1.0 constrained ensemble (1001 members; deterministic median)
1834,SSP2,ssp245,-0.42316531771765026,-0.305552196245922,-0.20470406069412894,-1.5787529971374559,2.1.1,FaIR v1.1.0 constrained ensemble (1001 members; deterministic median)
1835,SSP2,ssp245,-0.31555910678633453,-0.21308453837686783,-0.1395656340897154,-1.4862853392684017,2.1.1,FaIR v1.1.0 constrained ensemble (1001 members; deterministic median)
1836,SSP2,ssp245,-0.32714486946246407,-0.24012478185911926,-0.17181651068822582,-1.513325582750653,2.1.1,FaIR v1.1.0 constrained ensemble (1001 members; deterministic median)
1837,SSP2,ssp245,-0.30004422993115304,-0.2173247968723674,-0.1526640591085678,-1.4905255977639014,2.1.1,FaIR v1.1.0 constrained ensemble (1001 members; deterministic median)
1838,SSP2,ssp245,-0.2276596791716552,-0.1513499204581672,-0.09555570502892732,-1.424550721349701,2.1.1,FaIR v1.1.0 constrained ensemble (1001 members; deterministic median)
1839,SSP2,ssp245,-0.16457673213402144,-0.09597412231280142,-0.04932362619143858,-1.3691749232043353,2.1.1,FaIR v1.1.0 constrained ensemble (1001 members; deterministic median)
1840,SSP2,ssp245,-0.11936542776486517,-0.06105176525423988,-0.018793477607234443,-1.3342525661457738,2.1.1,FaIR v1.1.0 constrained ensemble (1001 members; deterministic median)
1841,SSP2,ssp245,-0.09190963192551592,-0.039545891295508145,0.0007554226749036537,-1.312746692187042,2.1.1,FaIR v1.1.0 constrained ensemble (1001 members; deterministic median)
1842,SSP2,ssp245,-0.0736129589074204,-0.028511860690358236,0.011113270576091284,-1.3017126615818921,2.1.1,FaIR v1.1.0 constrained ensemble (1001 members; deterministic median)
1843,SSP2,ssp245,-0.06355432576581194,-0.023176153250448986,0.01562954237561174,-1.296376954141983,2.1.1,FaIR v1.1.0 constrained ensemble (1001 members; deterministic median)
1844,SSP2,ssp245,-0.05713299063114071,-0.02034261251951118,0.01759528870414622,-1.293543413411045,2.1.1,FaIR v1.1.0 constrained ensemble (1001 members; deterministic median)
1845,SSP2,ssp245,-0.0791548662428796,-0.04107457025724192,-0.005350148808233687,-1.3142753711487758,2.1.1,FaIR v1.1.0 constrained ensemble (1001 members; deterministic median)
1846,SSP2,ssp245,-0.0801043497851265,-0.047485753050647825,-0.015386967181312073,-1.3206865539421817,2.1.1,FaIR v1.1.0 constrained ensemble (1001 members; deterministic median)
1847,SSP2,ssp245,-0.06487387179189429,-0.03615046402073185,-0.006301727582321736,-1.3093512649122656,2.1.1,FaIR v1.1.0 constrained ensemble (1001 members; deterministic median)
1848,SSP2,ssp245,-0.05056648214056436,-0.024527194532000862,0.0034329355916365833,-1.2977279954235348,2.1.1,FaIR v1.1.0 constrained ensemble (1001 members; deterministic median)
1849,SSP2,ssp245,-0.03913095780317764,-0.014986806087728677,0.010755864429990013,-1.2881876069792626,2.1.1,FaIR v1.1.0 constrained ensemble (1001 members; deterministic median)
1850,SSP2,ssp245,-0.028837796144352692,-0.0054379891135899056,0.01997346329650499,-1.2786387900051237,2.1.1,FaIR v1.1.0 constrained ensemble (1001 members; deterministic median)
1851,SSP2,ssp245,-0.020781466403475377,0.002294549878137219,0.02805228604940354,-1.2709062510133966,2.1.1,FaIR v1.1.0 constrained ensemble (1001 members; deterministic median)
1852,SSP2,ssp245,-0.014365907300523777,0.009268673347428681,0.03572547024840928,-1.263932127544105,2.1.1,FaIR v1.1.0 constrained ensemble (1001 members; deterministic median)
1853,SSP2,ssp245,-0.009203061727846098,0.015040193401955726,0.042265838537040606,-1.2581606074895781,2.1.1,FaIR v1.1.0 constrained ensemble (1001 members; deterministic median)
1854,SSP2,ssp245,-0.006232524805628261,0.018223785211145774,0.04661737055608563,-1.254977015680388,2.1.1,FaIR v1.1.0 constrained ensemble (1001 members; deterministic median)
1855,SSP2,ssp245,-0.0057067025338216545,0.016787574474089156,0.04399765474942451,-1.2564132264174448,2.1.1,FaIR v1.1.0 constrained ensemble (1001 members; deterministic median)
1856,SSP2,ssp245,-0.04114259667482685,-0.016329111425994178,0.011598476984105599,-1.2895299123175281,2.1.1,FaIR v1.1.0 constrained ensemble (1001 members; deterministic median)
1857,SSP2,ssp245,-0.04508468357390953,-0.02496475019397963,-0.001884441708996952,-1.2981655510855135,2.1.1,FaIR v1.1.0 constrained ensemble (1001 members; deterministic median)
1858,SSP2,ssp245,-0.030664718140093007,-0.014106511852711667,0.004693229865378269,-1.2873073127442456,2.1.1,FaIR v1.1.0 constrained ensemble (1001 members; deterministic median)
1859,SSP2,ssp245,-0.01635410252859304,-0.0006489755979106858,0.0166224637256388,-1.2738497764894445,2.1.1,FaIR v1.1.0 constrained ensemble (1001 members; deterministic median)
1860,SSP2,ssp245,-0.0043331835706576505,0.011152332740673964,0.028318682689244288,-1.26204846815086,2.1.1,FaIR v1.1.0 constrained ensemble (1001 members; deterministic median)
1861,SSP2,ssp245,0.0038257321361051394,0.02010887348202361,0.038418196695911816,-1.2530919274095103,2.1.1,FaIR v1.1.0 constrained ensemble (1001 members; deterministic median)
1862,SSP2,ssp245,-0.0005554934146173515,0.015770933827549207,0.033324534345811646,-1.2574298670639847,2.1.1,FaIR v1.1.0 constrained ensemble (1001 members; deterministic median)
1863,SSP2,ssp245,-0.004885416240805351,0.010641900606804873,0.02747743711851084,-1.262558900284729,2.1.1,FaIR v1.1.0 constrained ensemble (1001 members; deterministic median)
1864,SSP2,ssp245,-0.08579255164356092,-0.054877708446330505,-0.02320459561052009,-1.3280785093378644,2.1.1,FaIR v1.1.0 constrained ensemble (1001 members; deterministic median)
1865,SSP2,ssp245,-0.09494230246300818,-0.06810985658686064,-0.04321770311472845,-1.3413106574783944,2.1.1,FaIR v1.1.0 constrained ensemble (1001 members; deterministic median)
1866,SSP2,ssp245,-0.06715697223647532,-0.045417441807009115,-0.02497923095577033,-1.3186182426985429,2.1.1,FaIR v1.1.0 constrained ensemble (1001 members; deterministic median)
1867,SSP2,ssp245,-0.03909083918790442,-0.020994268098546293,-0.0054068481409836186,-1.29419506899008,2.1.1,FaIR v1.1.0 constrained ensemble (1001 members; deterministic median)
1868,SSP2,ssp245,-0.01860273111758783,-0.006572303672886774,0.00548298157744357,-1.2797731045644207,2.1.1,FaIR v1.1.0 constrained ensemble (1001 members; deterministic median)
1869,SSP2,ssp245,-0.005878647042807099,0.002810643935124049,0.013619003007447578,-1.2703901569564098,2.1.1,FaIR v1.1.0 constrained ensemble (1001 members; deterministic median)
1870,SSP2,ssp245,0.004397039551230695,0.013082241290857187,0.024375796371200777,-1.2601185596006768,2.1.1,FaIR v1.1.0 constrained ensemble (1001 members; deterministic median)
1871,SSP2,ssp245,0.010268208436851167,0.019382251231409194,0.031630929692867925,-1.2538185496601246,2.1.1,FaIR v1.1.0 constrained ensemble (1001 members; deterministic median)
1872,SSP2,ssp245,0.01668614511367815,0.02711887656516089,0.04071856284602785,-1.246081924326373,2.1.1,FaIR v1.1.0 constrained ensemble (1001 members; deterministic median)
1873,SSP2,ssp245,0.020213719666181885,0.0326160485415559,0.04765540802823115,-1.240584752349978,2.1.1,FaIR v1.1.0 constrained ensemble (1001 members; deterministic median)
1874,SSP2,ssp245,0.014397509713915686,0.02498476653659635,0.038443956903795574,-1.2482160343549376,2.1.1,FaIR v1.1.0 constrained ensemble (1001 members; deterministic median)
1875,SSP2,ssp245,0.018275738603499958,0.028243544708204605,0.0413097628750218,-1.2449572561833293,2.1.1,FaIR v1.1.0 constrained ensemble (1001 members; deterministic median)
1876,SSP2,ssp245,0.02063893232439032,0.03172999088184701,0.045648936355776965,-1.241470810009687,2.1.1,FaIR v1.1.0 constrained ensemble (1001 members; deterministic median)
1877,SSP2,ssp245,0.019430166989682137,0.03074634050119461,0.044818120708670674,-1.2424544603903394,2.1.1,FaIR v1.1.0 constrained ensemble (1001 members; deterministic median)
1878,SSP2,ssp245,0.019611513867524674,0.030785958557464008,0.044886113583337495,-1.24241484233407,2.1.1,FaIR v1.1.0 constrained ensemble (1001 members; deterministic median)
1879,SSP2,ssp245,0.019753285582701244,0.031682763662708203,0.046199080215014066,-1.2415180372288257,2.1.1,FaIR v1.1.0 constrained ensemble (1001 members; deterministic median)
1880,SSP2,ssp245,0.01951293331214718,0.031845599368928,0.046926829746555265,-1.241355201522606,2.1.1,FaIR v1.1.0 constrained ensemble (1001 members; deterministic median)
1881,SSP2,ssp245,0.01898291101032057,0.030811268719038776,0.044978331005406706,-1.2423895321724951,2.1.1,FaIR v1.1.0 constrained ensemble (1001 members; deterministic median)
1882,SSP2,ssp245,0.022164527917425146,0.033175329147460894,0.04756797227267044,-1.240025471744073,2.1.1,FaIR v1.1.0 constrained ensemble (1001 members; deterministic median)
1883,SSP2,ssp245,0.027146756017329368,0.03929559098690273,0.054890845464200935,-1.233905209904631,2.1.1,FaIR v1.1.0 constrained ensemble (1001 members; deterministic median)
1884,SSP2,ssp245,-0.011467807111915765,0.002270480157772682,0.018458635107238715,-1.2709303207337612,2.1.1,FaIR v1.1.0 constrained ensemble (1001 members; deterministic median)
1885,SSP2,ssp245,-0.21321797049355584,-0.1409501152552904,-0.07670651890271696,-1.4141509161468242,2.1.1,FaIR v1.1.0 constrained ensemble (1001 members; deterministic median)
1886,SSP2,ssp245,-0.21106946486766787,-0.14440958916454869,-0.08985854198667026,-1.4176103900560826,2.1.1,FaIR v1.1.0 constrained ensemble (1001 members; deterministic median)
1887,SSP2,ssp245,-0.15722928995990648,-0.09605054119770645,-0.04895148742497169,-1.3692513420892403,2.1.1,FaIR v1.1.0 constrained ensemble (1001 members; deterministic median)
1888,SSP2,ssp245,-0.1165549794614946,-0.06213639455495155,-0.02527838317277118,-1.3353371954464854,2.1.1,FaIR v1.1.0 constrained ensemble (1001 members; deterministic median)
1889,SSP2,ssp245,-0.07818841091134907,-0.03382166985730085,-0.0034669946868202683,-1.3070224707488347,2.1.1,FaIR v1.1.0 constrained ensemble (1001 members; deterministic median)
1890,SSP2,ssp245,-0.046174433641048125,-0.011226253026530608,0.014970129446122839,-1.2844270539180644,2.1.1,FaIR v1.1.0 constrained ensemble (1001 members; deterministic median)
1891,SSP2,ssp245,-0.04271927688212969,-0.012416798917141612,0.011470691268256741,-1.2856175998086754,2.1.1,FaIR v1.1.0 constrained ensemble (1001 members; deterministic median)
1892,SSP2,ssp245,-0.04611781295466317,-0.01917602452971498,0.0029250858141244007,-1.2923768254212489,2.1.1,FaIR v1.1.0 constrained ensemble (1001 members; deterministic median)
1893,SSP2,ssp245,-0.04114071422503392,-0.014872918677826273,0.006766907826601241,-1.2880737195693601,2.1.1,FaIR v1.1.0 constrained ensemble (1001 members; deterministic median)
1894,SSP2,ssp245,-0.018682388220329575,0.005820984320909262,0.027556057668419384,-1.2673798165706247,2.1.1,FaIR v1.1.0 constrained ensemble (1001 members; deterministic median)
1895,SSP2,ssp245,-0.0015550509108592202,0.024857315084362015,0.047915121506285865,-1.2483434858071718,2.1.1,FaIR v1.1.0 constrained ensemble (1001 members; deterministic median)
1896,SSP2,ssp245,0.010348783216103597,0.03618595014932859,0.05992055289330061,-1.2370148507422052,2.1.1,FaIR v1.1.0 constrained ensemble (1001 members; deterministic median)
1897,SSP2,ssp245,0.0182384818894584,0.042819765404668766,0.06502027815768292,-1.2303810354868652,2.1.1,FaIR v1.1.0 constrained ensemble (1001 members; deterministic median)
1898,SSP2,ssp245,0.019549008511963402,0.04433225544287683,0.06680860295353863,-1.228868545448657,2.1.1,FaIR v1.1.0 constrained ensemble (1001 members; deterministic median)
1899,SSP2,ssp245,0.019859335523100534,0.04561926288739339,0.0685353473442288,-1.2275815380041404,2.1.1,FaIR v1.1.0 constrained ensemble (1001 members; deterministic median)
1900,SSP2,ssp245,0.017357531123542547,0.04394421972086697,0.06839161909051696,-1.2292565811706668,2.1.1,FaIR v1.1.0 constrained ensemble (1001 members; deterministic median)
1901,SSP2,ssp245,0.014917388124253032,0.04329649385626534,0.06924328796809848,-1.2299043070352684,2.1.1,FaIR v1.1.0 constrained ensemble (1001 members; deterministic median)
1902,SSP2,ssp245,0.014076287097383323,0.04315195033095208,0.07063534782157127,-1.2300488505605818,2.1.1,FaIR v1.1.0 constrained ensemble (1001 members; deterministic median)
1903,SSP2,ssp245,-0.007162609380677965,0.025926885261659052,0.05465395015874262,-1.2472739156298749,2.1.1,FaIR v1.1.0 constrained ensemble (1001 members; deterministic median)
1904,SSP2,ssp245,-0.08410158088003838,-0.038654669773158096,0.00019106127850058996,-1.3118554706646919,2.1.1,FaIR v1.1.0 constrained ensemble (1001 members; deterministic median)
1905,SSP2,ssp245,-0.08451462000889093,-0.0386962358679946,0.0015725214017483918,-1.3118970367595284,2.1.1,FaIR v1.1.0 constrained ensemble (1001 members; deterministic median)
1906,SSP2,ssp245,-0.05545358136128881,-0.010353281983781812,0.031880826905399826,-1.2835540828753156,2.1.1,FaIR v1.1.0 constrained ensemble (1001 members; deterministic median)
1907,SSP2,ssp245,-0.027667380699374088,0.016644453958357473,0.057980824050295116,-1.2565563469331764,2.1.1,FaIR v1.1.0 constrained ensemble (1001 members; deterministic median)
1908,SSP2,ssp245,-0.03219790152269594,0.01355756737402393,0.05633841853500059,-1.2596432335175098,2.1.1,FaIR v1.1.0 constrained ensemble (1001 members; deterministic median)
1909,SSP2,ssp245,-0.023690179254448614,0.023385384069716634,0.06761336928441126,-1.2498154168218172,2.1.1,FaIR v1.1.0 constrained ensemble (1001 members; deterministic median)
1910,SSP2,ssp245,-0.0153206464602978,0.03371440963449331,0.07849558008089347,-1.2394863912570406,2.1.1,FaIR v1.1.0 constrained ensemble (1001 members; deterministic median)
1911,SSP2,ssp245,-0.01397445215549816,0.03639854894072417,0.08454856561011971,-1.2368022519508097,2.1.1,FaIR v1.1.0 constrained ensemble (1001 members; deterministic median)
1912,SSP2,ssp245,-0.013716226723772781,0.039015545122554465,0.08670662404768104,-1.2341852557689794,2.1.1,FaIR v1.1.0 constrained ensemble (1001 members; deterministic median)
1913,SSP2,ssp245,-0.06585981522623237,-0.006765988959924127,0.04440492378259747,-1.279966789851458,2.1.1,FaIR v1.1.0 constrained ensemble (1001 members; deterministic median)
1914,SSP2,ssp245,-0.08949629295774289,-0.02797353871399713,0.02771264514079992,-1.301174339605531,2.1.1,FaIR v1.1.0 constrained ensemble (1001 members; deterministic median)
1915,SSP2,ssp245,-0.07511837522863332,-0.011484518048113505,0.047082928241441446,-1.2846853189396474,2.1.1,FaIR v1.1.0 constrained ensemble (1001 members; deterministic median)
1916,SSP2,ssp245,-0.03869019385701262,0.020219766417573108,0.07752226887721851,-1.2529810344739607,2.1.1,FaIR v1.1.0 constrained ensemble (1001 members; deterministic median)
1917,SSP2,ssp245,-0.016804512230883993,0.04217021014467612,0.09919635439695203,-1.2310305907468577,2.1.1,FaIR v1.1.0 constrained ensemble (1001 members; deterministic median)
1918,SSP2,ssp245,-0.0038366169371309433,0.05649777402038645,0.1151165499786999,-1.2167030268711474,2.1.1,FaIR v1.1.0 constrained ensemble (1001 members; deterministic median)
1919,SSP2,ssp245,0.006762189321997639,0.0668464967858742,0.12589657040948257,-1.2063543041056597,2.1.1,FaIR v1.1.0 constrained ensemble (1001 members; deterministic median)
1920,SSP2,ssp245,0.01852041849720249,0.07626760669461864,0.13174907488398213,-1.1969331941969152,2.1.1,FaIR v1.1.0 constrained ensemble (1001 members; deterministic median)
1921,SSP2,ssp245,0.0189609778056782,0.07628573228111257,0.13222001479553058,-1.1969150686104213,2.1.1,FaIR v1.1.0 constrained ensemble (1001 members; deterministic median)
1922,SSP2,ssp245,0.027989874169284605,0.08286403204821935,0.134687113454516,-1.1903367688433146,2.1.1,FaIR v1.1.0 constrained ensemble (1001 members; deterministic median)
1923,SSP2,ssp245,0.02137349160829405,0.07506315545813771,0.12551737427503298,-1.198137645433396,2.1.1,FaIR v1.1.0 constrained ensemble (1001 members; deterministic median)
1924,SSP2,ssp245,0.012297675968177092,0.06974989961595866,0.12285357373000676,-1.2034509012755752,2.1.1,FaIR v1.1.0 constrained ensemble (1001 members; deterministic median)
1925,SSP2,ssp245,0.01931981210881015,0.07701197554595446,0.13178369447071445,-1.1961888253455795,2.1.1,FaIR v1.1.0 constrained ensemble (1001 members; deterministic median)
1926,SSP2,ssp245,0.02744408520527888,0.08609177866923802,0.14065688128651713,-1.1871090222222958,2.1.1,FaIR v1.1.0 constrained ensemble (1001 members; deterministic median)
1927,SSP2,ssp245,0.03898861683096889,0.09742805429538562,0.15153172232653445,-1.1757727465961483,2.1.1,FaIR v1.1.0 constrained ensemble (1001 members; deterministic median)
1928,SSP2,ssp245,0.04608434389940253,0.10576698906660262,0.16106976143519608,-1.1674338118249312,2.1.1,FaIR v1.1.0 constrained ensemble (1001 members; deterministic median)
1929,SSP2,ssp245,0.04752139815962904,0.10729922253243707,0.1641401820504507,-1.165901578359097,2.1.1,FaIR v1.1.0 constrained ensemble (1001 members; deterministic median)
1930,SSP2,ssp245,0.029402310826143224,0.09153487498207925,0.15067332261277877,-1.1816659259094546,2.1.1,FaIR v1.1.0 constrained ensemble (1001 members; deterministic median)
1931,SSP2,ssp245,0.04314891464589962,0.10287226915635163,0.16169540259427578,-1.1703285317351821,2.1.1,FaIR v1.1.0 constrained ensemble (1001 members; deterministic median)
1932,SSP2,ssp245,0.06043340023620242,0.1164945789653404,0.17283652458277474,-1.1567062219261934,2.1.1,FaIR v1.1.0 constrained ensemble (1001 members; deterministic median)
1933,SSP2,ssp245,0.058450977858577766,0.11229751777500156,0.1660890286026318,-1.1609032831165322,2.1.1,FaIR v1.1.0 constrained ensemble (1001 members; deterministic median)
1934,SSP2,ssp245,0.06860507392704646,0.12051206069310827,0.17285018872589336,-1.1526887401984256,2.1.1,FaIR v1.1.0 constrained ensemble (1001 members; deterministic median)
1935,SSP2,ssp245,0.0732875884351489,0.12685435446045096,0.18097834001045993,-1.1463464464310829,2.1.1,FaIR v1.1.0 constrained ensemble (1001 members; deterministic median)
1936,SSP2,ssp245,0.07851319979430925,0.1339458812412696,0.18965166410620896,-1.1392549196502642,2.1.1,FaIR v1.1.0 constrained ensemble (1001 members; deterministic median)
1937,SSP2,ssp245,0.08506030758410649,0.14350433888776376,0.2018553689287589,-1.1296964620037702,2.1.1,FaIR v1.1.0 constrained ensemble (1001 members; deterministic median)
1938,SSP2,ssp245,0.08993066013941486,0.14918198552348033,0.21036922433128452,-1.1240188153680535,2.1.1,FaIR v1.1.0 constrained ensemble (1001 members; deterministic median)
1939,SSP2,ssp245,0.0988217157006084,0.1576834679742206,0.2185581596957532,-1.1155173329173134,2.1.1,FaIR v1.1.0 constrained ensemble (1001 members; deterministic median)
1940,SSP2,ssp245,0.10001320555309462,0.16036893083845055,0.22331703957599522,-1.1128318700530833,2.1.1,FaIR v1.1.0 constrained ensemble (1001 members; deterministic median)
1941,SSP2,ssp245,0.09617528912891352,0.15935761514815483,0.22341293526813238,-1.113843185743379,2.1.1,FaIR v1.1.0 constrained ensemble (1001 members; deterministic median)
1942,SSP2,ssp245,0.09143365186778335,0.15765749437915144,0.22307845209420485,-1.1155433065123823,2.1.1,FaIR v1.1.0 constrained ensemble (1001 members; deterministic median)
1943,SSP2,ssp245,0.0858467667644695,0.15407187326937494,0.2217476976239502,-1.119128927622159,2.1.1,FaIR v1.1.0 constrained ensemble (1001 members; deterministic median)
1944,SSP2,ssp245,0.08218739782331477,0.15171434404120904,0.22026588563454313,-1.1214864568503249,2.1.1,FaIR v1.1.0 constrained ensemble (1001 members; deterministic median)
1945,SSP2,ssp245,0.08460262371344887,0.1538712117626678,0.22359447821142606,-1.1193295891288662,2.1.1,FaIR v1.1.0 constrained ensemble (1001 members; deterministic median)
1946,SSP2,ssp245,0.10123458989239595,0.16743810100596593,0.2349695594254629,-1.1057626998855679,2.1.1,FaIR v1.1.0 constrained ensemble (1001 members; deterministic median)
1947,SSP2,ssp245,0.11846902452195618,0.18125824083776704,0.2474790492886945,-1.0919425600537669,2.1.1,FaIR v1.1.0 constrained ensemble (1001 members; deterministic median)
1948,SSP2,ssp245,0.1288148900146726,0.19262964671913896,0.26008058239113485,-1.0805711541723948,2.1.1,FaIR v1.1.0 constrained ensemble (1001 members; deterministic median)
1949,SSP2,ssp245,0.13533634166189143,0.201623300346522,0.27035272923833176,-1.0715775005450119,2.1.1,FaIR v1.1.0 constrained ensemble (1001 members; deterministic median)
1950,SSP2,ssp245,0.1416158431860851,0.20829103257133913,0.2774505844250811,-1.0649097683201947,2.1.1,FaIR v1.1.0 constrained ensemble (1001 members; deterministic median)
1951,SSP2,ssp245,0.13347743223998082,0.20421541591223716,0.27678633403597774,-1.0689853849792967,2.1.1,FaIR v1.1.0 constrained ensemble (1001 members; deterministic median)
1952,SSP2,ssp245,0.13008246044015995,0.2018997064246562,0.2749634102042203,-1.0713010944668777,2.1.1,FaIR v1.1.0 constrained ensemble (1001 members; deterministic median)
1953,SSP2,ssp245,0.128107654241573,0.2021625863131848,0.27682833293621734,-1.071038214578349,2.1.1,FaIR v1.1.0 constrained ensemble (1001 members; deterministic median)
1954,SSP2,ssp245,0.12603147608192805,0.2011511275896289,0.2781842599314301,-1.072049673301905,2.1.1,FaIR v1.1.0 constrained ensemble (1001 members; deterministic median)
1955,SSP2,ssp245,0.1281118149027607,0.20297018633024272,0.28195022805448006,-1.0702306145612912,2.1.1,FaIR v1.1.0 constrained ensemble (1001 members; deterministic median)
1956,SSP2,ssp245,0.12946683547167853,0.20700048469019988,0.2888450291223279,-1.066200316201334,2.1.1,FaIR v1.1.0 constrained ensemble (1001 members; deterministic median)
1957,SSP2,ssp245,0.13319437472712017,0.2146051022056491,0.3020910618194627,-1.0585956986858847,2.1.1,FaIR v1.1.0 constrained ensemble (1001 members; deterministic median)
1958,SSP2,ssp245,0.13876294169527484,0.2253720006906409,0.3195728154895895,-1.047828800200893,2.1.1,FaIR v1.1.0 constrained ensemble (1001 members; deterministic median)
1959,SSP2,ssp245,0.14943892591115596,0.2380738036951944,0.3351840192524695,-1.0351269971963395,2.1.1,FaIR v1.1.0 constrained ensemble (1001 members; deterministic median)
1960,SSP2,ssp245,0.15119444745855393,0.24352175714829843,0.3425494824949209,-1.0296790437432355,2.1.1,FaIR v1.1.0 constrained ensemble (1001 members; deterministic median)
1961,SSP2,ssp245,0.15231447750172342,0.24611325541517975,0.34755633009357445,-1.0270875454763542,2.1.1,FaIR v1.1.0 constrained ensemble (1001 members; deterministic median)
1962,SSP2,ssp245,0.13627013111303962,0.2367692393797694,0.34391987128948076,-1.0364315615117645,2.1.1,FaIR v1.1.0 constrained ensemble (1001 members; deterministic median)
1963,SSP2,ssp245,0.11061858034172413,0.21612440213825593,0.3273232145208092,-1.0570763987532779,2.1.1,FaIR v1.1.0 constrained ensemble (1001 members; deterministic median)
1964,SSP2,ssp245,0.010152294472784474,0.1326023761652025,0.25213781795958473,-1.1405984247263314,2.1.1,FaIR v1.1.0 constrained ensemble (1001 members; deterministic median)
1965,SSP2,ssp245,-0.016599617219864603,0.10504550686537831,0.23111679439610502,-1.1681552940261555,2.1.1,FaIR v1.1.0 constrained ensemble (1001 members; deterministic median)
1966,SSP2,ssp245,-0.010269486929237216,0.11909092391113371,0.24881489992937514,-1.1541098769804001,2.1.1,FaIR v1.1.0 constrained ensemble (1001 members; deterministic median)
1967,SSP2,ssp245,0.037235709850693126,0.16948128455222009,0.30057702675904135,-1.1037195163393139,2.1.1,FaIR v1.1.0 constrained ensemble (1001 members; deterministic median)
1968,SSP2,ssp245,0.056205385301953736,0.18513514656439434,0.3146353707941388,-1.0880656543271394,2.1.1,FaIR v1.1.0 constrained ensemble (1001 members; deterministic median)
1969,SSP2,ssp245,0.08023031340111057,0.20615254385903423,0.33821099908866203,-1.0670482570324997,2.1.1,FaIR v1.1.0 constrained ensemble (1001 members; deterministic median)
1970,SSP2,ssp245,0.1080705773247149,0.2327391637660772,0.3663670416577113,-1.0404616371254567,2.1.1,FaIR v1.1.0 constrained ensemble (1001 members; deterministic median)
1971,SSP2,ssp245,0.12262901933529016,0.251600597335736,0.38781154507055626,-1.0216002035557978,2.1.1,FaIR v1.1.0 constrained ensemble (1001 members; deterministic median)
1972,SSP2,ssp245,0.12204192708929437,0.25343040314653364,0.39159748004682204,-1.0197703977450003,2.1.1,FaIR v1.1.0 constrained ensemble (1001 members; deterministic median)
1973,SSP2,ssp245,0.13364124832531601,0.264637035281888,0.40696700435153654,-1.008563765609646,2.1.1,FaIR v1.1.0 constrained ensemble (1001 members; deterministic median)
1974,SSP2,ssp245,0.1504766309376454,0.2835580773485628,0.4307064508708558,-0.989642723542971,2.1.1,FaIR v1.1.0 constrained ensemble (1001 members; deterministic median)
1975,SSP2,ssp245,0.1593550426964037,0.29343178519066176,0.4432215905250793,-0.979769015700872,2.1.1,FaIR v1.1.0 constrained ensemble (1001 members; deterministic median)
1976,SSP2,ssp245,0.14978944625921553,0.2898047997991478,0.43571146261694904,-0.9833960010923861,2.1.1,FaIR v1.1.0 constrained ensemble (1001 members; deterministic median)
1977,SSP2,ssp245,0.16942479063220206,0.3068285046037082,0.4539603199427781,-0.9663722962878256,2.1.1,FaIR v1.1.0 constrained ensemble (1001 members; deterministic median)
1978,SSP2,ssp245,0.19841596820899313,0.33442039230007753,0.4844968171757398,-0.9387804085914564,2.1.1,FaIR v1.1.0 constrained ensemble (1001 members; deterministic median)
1979,SSP2,ssp245,0.23268818014250675,0.3668698667237674,0.5198986925082524,-0.9063309341677664,2.1.1,FaIR v1.1.0 constrained ensemble (1001 members; deterministic median)
1980,SSP2,ssp245,0.2620272082325014,0.39354142051220276,0.5509372694593377,-0.8796593803793311,2.1.1,FaIR v1.1.0 constrained ensemble (1001 members; deterministic median)
1981,SSP2,ssp245,0.28064571305867003,0.41278722172416765,0.5673744009750452,-0.8604135791673662,2.1.1,FaIR v1.1.0 constrained ensemble (1001 members; deterministic median)
1982,SSP2,ssp245,0.302420902483033,0.43249333970544546,0.5822743558692537,-0.8407074611860884,2.1.1,FaIR v1.1.0 constrained ensemble (1001 members; deterministic median)
1983,SSP2,ssp245,0.28506774939402607,0.4171946461794696,0.5721137728729739,-0.8560061547120643,2.1.1,FaIR v1.1.0 constrained ensemble (1001 members; deterministic median)
1984,SSP2,ssp245,0.24901200903515866,0.3829933984117592,0.5337801354885922,-0.8902074024797746,2.1.1,FaIR v1.1.0 constrained ensemble (1001 members; deterministic median)
1985,SSP2,ssp245,0.2694094026109413,0.3978799254140394,0.554634539416612,-0.8753208754774945,2.1.1,FaIR v1.1.0 constrained ensemble (1001 members; deterministic median)
1986,SSP2,ssp245,0.3064493281875168,0.4338545240280606,0.5878058153562059,-0.8393462768634733,2.1.1,FaIR v1.1.0 constrained ensemble (1001 members; deterministic median)
1987,SSP2,ssp245,0.33508100156853415,0.46131183994081293,0.6141055596941178,-0.8118889609507209,2.1.1,FaIR v1.1.0 constrained ensemble (1001 members; deterministic median)
1988,SSP2,ssp245,0.36283726137289507,0.4897500222301249,0.641553411337996,-0.7834507786614089,2.1.1,FaIR v1.1.0 constrained ensemble (1001 members; deterministic median)
1989,SSP2,ssp245,0.3979985392177302,0.5224031999894925,0.6772839579124293,-0.7507976009020414,2.1.1,FaIR v1.1.0 constrained ensemble (1001 members; deterministic median)
1990,SSP2,ssp245,0.4373584379755624,0.5642384702952231,0.7169678876123929,-0.7089623305963108,2.1.1,FaIR v1.1.0 constrained ensemble (1001 members; deterministic median)
1991,SSP2,ssp245,0.46696990171871977,0.5919295362561874,0.7451750789511637,-0.6812712646353465,2.1.1,FaIR v1.1.0 constrained ensemble (1001 members; deterministic median)
1992,SSP2,ssp245,0.4170894422911106,0.5544525439812185,0.7134080576160855,-0.7187482569103154,2.1.1,FaIR v1.1.0 constrained ensemble (1001 members; deterministic median)
1993,SSP2,ssp245,0.30260513340971573,0.4566440088164514,0.6151038572812526,-0.8165567920750825,2.1.1,FaIR v1.1.0 constrained ensemble (1001 members; deterministic median)
1994,SSP2,ssp245,0.33340328517719564,0.46895962939878144,0.629805966025216,-0.8042411714927524,2.1.1,FaIR v1.1.0 constrained ensemble (1001 members; deterministic median)
1995,SSP2,ssp245,0.3994701188936102,0.5336369381710376,0.697014516073337,-0.7395638627204962,2.1.1,FaIR v1.1.0 constrained ensemble (1001 members; deterministic median)
1996,SSP2,ssp245,0.463207849923424,0.5974416685080878,0.7581643755542974,-0.6757591323834461,2.1.1,FaIR v1.1.0 constrained ensemble (1001 members; deterministic median)
1997,SSP2,ssp245,0.5143311220188143,0.6465256998001478,0.7999724140876107,-0.626675101091386,2.1.1,FaIR v1.1.0 constrained ensemble (1001 members; deterministic median)
1998,SSP2,ssp245,0.5332039960072726,0.6737637592386887,0.8348058808593279,-0.5994370416528452,2.1.1,FaIR v1.1.0 constrained ensemble (1001 members; deterministic median)
1999,SSP2,ssp245,0.5624691941928882,0.7067930938793111,0.8677733090614268,-0.5664077070122228,2.1.1,FaIR v1.1.0 constrained ensemble (1001 members; deterministic median)
2000,SSP2,ssp245,0.6102024158772043,0.753703184052187,0.9051048025644243,-0.5194976168393469,2.1.1,FaIR v1.1.0 constrained ensemble (1001 members; deterministic median)
2001,SSP2,ssp245,0.6566846335119093,0.7977253537633581,0.947506535660124,-0.4754754471281758,2.1.1,FaIR v1.1.0 constrained ensemble (1001 members; deterministic median)
2002,SSP2,ssp245,0.6880182521245384,0.8285403552277568,0.9786725150640432,-0.44466044566377705,2.1.1,FaIR v1.1.0 constrained ensemble (1001 members; deterministic median)
2003,SSP2,ssp245,0.7000833860927819,0.8491510674473806,1.0013506729644908,-0.4240497334441533,2.1.1,FaIR v1.1.0 constrained ensemble (1001 members; deterministic median)
2004,SSP2,ssp245,0.7050736394985961,0.8568713076294966,1.0123896714907,-0.4163294932620373,2.1.1,FaIR v1.1.0 constrained ensemble (1001 members; deterministic median)
2005,SSP2,ssp245,0.7135809240180637,0.8694065767199469,1.0237571442485702,-0.40379422417158695,2.1.1,FaIR v1.1.0 constrained ensemble (1001 members; deterministic median)
2006,SSP2,ssp245,0.7200751440753042,0.8761607836531262,1.0332263998439064,-0.39704001723840765,2.1.1,FaIR v1.1.0 constrained ensemble (1001 members; deterministic median)
2007,SSP2,ssp245,0.7252440166151948,0.8854648924891311,1.043850036391237,-0.3877359084024028,2.1.1,FaIR v1.1.0 constrained ensemble (1001 members; deterministic median)
2008,SSP2,ssp245,0.7368098656467004,0.8990064274469788,1.0581690277994904,-0.3741943734445551,2.1.1,FaIR v1.1.0 constrained ensemble (1001 members; deterministic median)
2009,SSP2,ssp245,0.7575255490753751,0.9197429260698502,1.0797124241695568,-0.35345787482168367,2.1.1,FaIR v1.1.0 constrained ensemble (1001 members; deterministic median)
2010,SSP2,ssp245,0.777227291363001,0.9425192269520106,1.0996416930058348,-0.33068157393952324,2.1.1,FaIR v1.1.0 constrained ensemble (1001 members; deterministic median)
2011,SSP2,ssp245,0.7972787737719547,0.9660260336162155,1.1280369002116315,-0.30717476727531834,2.1.1,FaIR v1.1.0 constrained ensemble (1001 members; deterministic median)
2012,SSP2,ssp245,0.8236342048809008,0.9953008998145088,1.155156638071846,-0.2778999010770251,2.1.1,FaIR v1.1.0 constrained ensemble (1001 members; deterministic median)
2013,SSP2,ssp245,0.8452965650258889,1.0194654611933625,1.1861606255883252,-0.2537353396981714,2.1.1,FaIR v1.1.0 constrained ensemble (1001 members; deterministic median)
2014,SSP2,ssp245,0.8728655929164966,1.0508249465880717,1.220260534179642,-0.22237585430346218,2.1.1,FaIR v1.1.0 constrained ensemble (1001 members; deterministic median)
2015,SSP2,ssp245,0.889845187518119,1.0742515297790938,1.250514560616798,-0.1989492711124401,2.1.1,FaIR v1.1.0 constrained ensemble (1001 members; deterministic median)
2016,SSP2,ssp245,0.9144336419711749,1.1020705444553072,1.2773734890969846,-0.1711302564362267,2.1.1,FaIR v1.1.0 constrained ensemble (1001 members; deterministic median)
2017,SSP2,ssp245,0.9375696391962579,1.126671406161242,1.3072096399932074,-0.14652939473029192,2.1.1,FaIR v1.1.0 constrained ensemble (1001 members; deterministic median)
2018,SSP2,ssp245,0.9620321309284126,1.1523596379490944,1.3406834379435137,-0.12084116294243952,2.1.1,FaIR v1.1.0 constrained ensemble (1001 members; deterministic median)
2019,SSP2,ssp245,0.986718802836167,1.1812021869010603,1.371564460060477,-0.0919986139904736,2.1.1,FaIR v1.1.0 constrained ensemble (1001 members; deterministic median)
2020,SSP2,ssp245,1.0058056395042725,1.209991545923006,1.4095055514491401,-0.06320925496852792,2.1.1,FaIR v1.1.0 constrained ensemble (1001 members; deterministic median)
2021,SSP2,ssp245,1.025911250820337,1.2412738630758882,1.4472493035974732,-0.031926937815645706,2.1.1,FaIR v1.1.0 constrained ensemble (1001 members; deterministic median)
2022,SSP2,ssp245,1.053448187080218,1.2732008008915339,1.489790621130665,0.0,2.1.1,FaIR v1.1.0 constrained ensemble (1001 members; deterministic median)
2023,SSP2,ssp245,1.0778755164025011,1.3056432979341037,1.5325578536052007,0.03244249704256985,2.1.1,FaIR v1.1.0 constrained ensemble (1001 members; deterministic median)
2024,SSP2,ssp245,1.1063974019007317,1.3334716523981947,1.5682414110222092,0.06027085150666078,2.1.1,FaIR v1.1.0 constrained ensemble (1001 members; deterministic median)
2025,SSP2,ssp245,1.1283295914816358,1.3616565178665803,1.6033289018720631,0.0884557169750464,2.1.1,FaIR v1.1.0 constrained ensemble (1001 members; deterministic median)
2026,SSP2,ssp245,1.143636726227853,1.3858866140881332,1.6302583428684032,0.11268581319659932,2.1.1,FaIR v1.1.0 constrained ensemble (1001 members; deterministic median)
2027,SSP2,ssp245,1.1593949831113457,1.4041261102251619,1.6555786078967036,0.130925309333628,2.1.1,FaIR v1.1.0 constrained ensemble (1001 members; deterministic median)
2028,SSP2,ssp245,1.1714062467966841,1.4212687217826647,1.6788732270429736,0.14806792089113086,2.1.1,FaIR v1.1.0 constrained ensemble (1001 members; deterministic median)
2029,SSP2,ssp245,1.1839574071548093,1.4391664575203191,1.6967440615850409,0.16596565662878526,2.1.1,FaIR v1.1.0 constrained ensemble (1001 members; deterministic median)
2030,SSP2,ssp245,1.1980460058901914,1.455935615927872,1.7138490597985465,0.18273481503633815,2.1.1,FaIR v1.1.0 constrained ensemble (1001 members; deterministic median)
2031,SSP2,ssp245,1.2107686147227226,1.4767418599978055,1.739141396363112,0.20354105910627163,2.1.1,FaIR v1.1.0 constrained ensemble (1001 members; deterministic median)
2032,SSP2,ssp245,1.2242169741015998,1.4958609874790934,1.7661419331689168,0.22266018658755948,2.1.1,FaIR v1.1.0 constrained ensemble (1001 members; deterministic median)
2033,SSP2,ssp245,1.240800863882357,1.5190223893831292,1.7960302892064566,0.2458215884915953,2.1.1,FaIR v1.1.0 constrained ensemble (1001 members; deterministic median)
2034,SSP2,ssp245,1.2632299445425699,1.5435199070174985,1.8272476632258379,0.27031910612596466,2.1.1,FaIR v1.1.0 constrained ensemble (1001 members; deterministic median)
2035,SSP2,ssp245,1.2918141537922327,1.5731096329942929,1.8656881568400117,0.299908832102759,2.1.1,FaIR v1.1.0 constrained ensemble (1001 members; deterministic median)
2036,SSP2,ssp245,1.3202596024578481,1.6004756098405106,1.9018437304985882,0.32727480894897676,2.1.1,FaIR v1.1.0 constrained ensemble (1001 members; deterministic median)
2037,SSP2,ssp245,1.3460294443783118,1.6287837119419772,1.9349283898302025,0.3555829110504434,2.1.1,FaIR v1.1.0 constrained ensemble (1001 members; deterministic median)
2038,SSP2,ssp245,1.3609996025585152,1.6552699875687344,1.9672952908101577,0.3820691866772006,2.1.1,FaIR v1.1.0 constrained ensemble (1001 members; deterministic median)
2039,SSP2,ssp245,1.3785458162501976,1.6800262450983,2.0007350363802026,0.40682544420676603,2.1.1,FaIR v1.1.0 constrained ensemble (1001 members; deterministic median)
2040,SSP2,ssp245,1.3943941008551668,1.7007206035495996,2.0312686939777387,0.4275198026580658,2.1.1,FaIR v1.1.0 constrained ensemble (1001 members; deterministic median)
2041,SSP2,ssp245,1.4090472455321466,1.7217675742727534,2.0570976499871643,0.44856677338121953,2.1.1,FaIR v1.1.0 constrained ensemble (1001 members; deterministic median)
2042,SSP2,ssp245,1.4194463093626042,1.7420400594312666,2.0780529002726182,0.46883925853973274,2.1.1,FaIR v1.1.0 constrained ensemble (1001 members; deterministic median)
2043,SSP2,ssp245,1.4340545747307942,1.7614310035807468,2.10845020306416,0.4882302026892129,2.1.1,FaIR v1.1.0 constrained ensemble (1001 members; deterministic median)
2044,SSP2,ssp245,1.4512546109388174,1.7837607797402582,2.1414646200272123,0.5105599788487243,2.1.1,FaIR v1.1.0 constrained ensemble (1001 members; deterministic median)
2045,SSP2,ssp245,1.4646969821618605,1.8090323324017752,2.174643728234112,0.5358315315102413,2.1.1,FaIR v1.1.0 constrained ensemble (1001 members; deterministic median)
2046,SSP2,ssp245,1.4878674535854621,1.8379512322304403,2.2102354220494216,0.5647504313389065,2.1.1,FaIR v1.1.0 constrained ensemble (1001 members; deterministic median)
2047,SSP2,ssp245,1.5128586426880635,1.8654698669329948,2.250549044395599,0.5922690660414609,2.1.1,FaIR v1.1.0 constrained ensemble (1001 members; deterministic median)
2048,SSP2,ssp245,1.5387493469856754,1.8989406474193804,2.2914264476634094,0.6257398465278465,2.1.1,FaIR v1.1.0 constrained ensemble (1001 members; deterministic median)
2049,SSP2,ssp245,1.555584353505244,1.9261942311556322,2.3300240240515353,0.6529934302640983,2.1.1,FaIR v1.1.0 constrained ensemble (1001 members; deterministic median)
2050,SSP2,ssp245,1.5681067359692367,1.948681658408191,2.3638278334858316,0.6754808575166571,2.1.1,FaIR v1.1.0 constrained ensemble (1001 members; deterministic median)
2051,SSP2,ssp245,1.5824739762735933,1.9684537353166704,2.3898421540778374,0.6952529344251366,2.1.1,FaIR v1.1.0 constrained ensemble (1001 members; deterministic median)
2052,SSP2,ssp245,1.597239686136098,1.9852164535775945,2.4174779182025357,0.7120156526860606,2.1.1,FaIR v1.1.0 constrained ensemble (1001 members; deterministic median)
2053,SSP2,ssp245,1.6111831505788845,2.0030169825746458,2.443573492633157,0.7298161816831119,2.1.1,FaIR v1.1.0 constrained ensemble (1001 members; deterministic median)
2054,SSP2,ssp245,1.6249721592753161,2.0208485240388336,2.4703996921566986,0.7476477231472998,2.1.1,FaIR v1.1.0 constrained ensemble (1001 members; deterministic median)
2055,SSP2,ssp245,1.6397378111998877,2.040689665380981,2.5018879999403527,0.7674888644894471,2.1.1,FaIR v1.1.0 constrained ensemble (1001 members; deterministic median)
2056,SSP2,ssp245,1.6583642055251937,2.06265628873946,2.5359058311540252,0.7894554878479261,2.1.1,FaIR v1.1.0 constrained ensemble (1001 members; deterministic median)
2057,SSP2,ssp245,1.6761885257822386,2.0880761862267634,2.5718568856548094,0.8148753853352295,2.1.1,FaIR v1.1.0 constrained ensemble (1001 members; deterministic median)
2058,SSP2,ssp245,1.6943194050727808,2.112522572617532,2.604287236295822,0.839321771725998,2.1.1,FaIR v1.1.0 constrained ensemble (1001 members; deterministic median)
2059,SSP2,ssp245,1.7096960719865588,2.1354277178485175,2.63612385242759,0.8622269169569836,2.1.1,FaIR v1.1.0 constrained ensemble (1001 members; deterministic median)
2060,SSP2,ssp245,1.7243891408802337,2.153725218341753,2.667564229490242,0.8805244174502189,2.1.1,FaIR v1.1.0 constrained ensemble (1001 members; deterministic median)
2061,SSP2,ssp245,1.7387565667734561,2.173258452417994,2.6954889780034903,0.90005765152646,2.1.1,FaIR v1.1.0 constrained ensemble (1001 members; deterministic median)
2062,SSP2,ssp245,1.750845558602592,2.188155938294901,2.7206743355762493,0.9149551374033671,2.1.1,FaIR v1.1.0 constrained ensemble (1001 members; deterministic median)
2063,SSP2,ssp245,1.7615959078201733,2.2054480797787135,2.739427828373306,0.9322472788871796,2.1.1,FaIR v1.1.0 constrained ensemble (1001 members; deterministic median)
2064,SSP2,ssp245,1.771648815451526,2.2208230638118294,2.7653762194266807,0.9476222629202955,2.1.1,FaIR v1.1.0 constrained ensemble (1001 members; deterministic median)
2065,SSP2,ssp245,1.7814473835710405,2.2364428510495267,2.7864726200678627,0.9632420501579928,2.1.1,FaIR v1.1.0 constrained ensemble (1001 members; deterministic median)
2066,SSP2,ssp245,1.7921357173601664,2.253926188337256,2.8146159004722695,0.980725387445722,2.1.1,FaIR v1.1.0 constrained ensemble (1001 members; deterministic median)
2067,SSP2,ssp245,1.8057092957537157,2.2735390721961526,2.8506559896887613,1.0003382713046187,2.1.1,FaIR v1.1.0 constrained ensemble (1001 members; deterministic median)
2068,SSP2,ssp245,1.8209995720703873,2.29871163731156,2.8900174198397544,1.025510836420026,2.1.1,FaIR v1.1.0 constrained ensemble (1001 members; deterministic median)
2069,SSP2,ssp245,1.8343710366028794,2.319590904458794,2.92423529786164,1.04639010356726,2.1.1,FaIR v1.1.0 constrained ensemble (1001 members; deterministic median)
2070,SSP2,ssp245,1.848007421328136,2.339657169789124,2.9536558131292145,1.06645636889759,2.1.1,FaIR v1.1.0 constrained ensemble (1001 members; deterministic median)
2071,SSP2,ssp245,1.8602741508321188,2.35506962783628,2.9834121730657333,1.0818688269447463,2.1.1,FaIR v1.1.0 constrained ensemble (1001 members; deterministic median)
2072,SSP2,ssp245,1.869562208087446,2.367751870308588,3.0149915523365327,1.0945510694170542,2.1.1,FaIR v1.1.0 constrained ensemble (1001 members; deterministic median)
2073,SSP2,ssp245,1.8758164848047496,2.382137206066104,3.0397424473887513,1.10893640517457,2.1.1,FaIR v1.1.0 constrained ensemble (1001 members; deterministic median)
2074,SSP2,ssp245,1.882350690988696,2.3984439300673626,3.068393625011502,1.1252431291758287,2.1.1,FaIR v1.1.0 constrained ensemble (1001 members; deterministic median)
2075,SSP2,ssp245,1.886930760996781,2.4127214018705834,3.0962393126556997,1.1395206009790495,2.1.1,FaIR v1.1.0 constrained ensemble (1001 members; deterministic median)
2076,SSP2,ssp245,1.8944773188423527,2.4286681142686377,3.120518697958799,1.1554673133771038,2.1.1,FaIR v1.1.0 constrained ensemble (1001 members; deterministic median)
2077,SSP2,ssp245,1.903846023275427,2.443733613723609,3.1401162572400447,1.1705328128320753,2.1.1,FaIR v1.1.0 constrained ensemble (1001 members; deterministic median)
2078,SSP2,ssp245,1.9155701989399947,2.4567079943104106,3.159248313768465,1.1835071934188768,2.1.1,FaIR v1.1.0 constrained ensemble (1001 members; deterministic median)
2079,SSP2,ssp245,1.9294067480242219,2.4739159868679854,3.1798511950945545,1.2007151859764515,2.1.1,FaIR v1.1.0 constrained ensemble (1001 members; deterministic median)
2080,SSP2,ssp245,1.942169869182594,2.4923415823161132,3.2145431192510636,1.2191407814245794,2.1.1,FaIR v1.1.0 constrained ensemble (1001 members; deterministic median)
2081,SSP2,ssp245,1.9557083356416862,2.5118337233387185,3.2420120019334715,1.2386329224471846,2.1.1,FaIR v1.1.0 constrained ensemble (1001 members; deterministic median)
2082,SSP2,ssp245,1.9682648028070535,2.5315030592810177,3.2671277500011473,1.2583022583894838,2.1.1,FaIR v1.1.0 constrained ensemble (1001 members; deterministic median)
2083,SSP2,ssp245,1.979515503794411,2.550606751215623,3.2971442836744487,1.2774059503240893,2.1.1,FaIR v1.1.0 constrained ensemble (1001 members; deterministic median)
2084,SSP2,ssp245,1.9863108755003014,2.5657140007724237,3.3267118418692685,1.2925131998808899,2.1.1,FaIR v1.1.0 constrained ensemble (1001 members; deterministic median)
2085,SSP2,ssp245,1.9928364066126292,2.5782370453642662,3.3535474600417823,1.3050362444727324,2.1.1,FaIR v1.1.0 constrained ensemble (1001 members; deterministic median)
2086,SSP2,ssp245,1.9986065449709771,2.5878628132637442,3.3698609845754555,1.3146620123722104,2.1.1,FaIR v1.1.0 constrained ensemble (1001 members; deterministic median)
2087,SSP2,ssp245,2.0047757666268615,2.5994040875871676,3.3901068995398225,1.3262032866956337,2.1.1,FaIR v1.1.0 constrained ensemble (1001 members; deterministic median)
2088,SSP2,ssp245,2.0132396525561913,2.6093338724612227,3.4118115665398374,1.3361330715696889,2.1.1,FaIR v1.1.0 constrained ensemble (1001 members; deterministic median)
2089,SSP2,ssp245,2.0197446269311006,2.6219534585896414,3.4351426718522475,1.3487526576981075,2.1.1,FaIR v1.1.0 constrained ensemble (1001 members; deterministic median)
2090,SSP2,ssp245,2.0250953777515326,2.6352306165698995,3.462145018710958,1.3620298156783657,2.1.1,FaIR v1.1.0 constrained ensemble (1001 members; deterministic median)
2091,SSP2,ssp245,2.0335281638217317,2.65070475929038,3.490546398769483,1.3775039583988462,2.1.1,FaIR v1.1.0 constrained ensemble (1001 members; deterministic median)
2092,SSP2,ssp245,2.0438045912402063,2.6655693805054397,3.5162158718584227,1.3923685796139058,2.1.1,FaIR v1.1.0 constrained ensemble (1001 members; deterministic median)
2093,SSP2,ssp245,2.0537705023488417,2.6818827977596995,3.5433287555854376,1.4086819968681656,2.1.1,FaIR v1.1.0 constrained ensemble (1001 members; deterministic median)
2094,SSP2,ssp245,2.0574805442438877,2.699782385398691,3.564360480282839,1.4265815845071572,2.1.1,FaIR v1.1.0 constrained ensemble (1001 members; deterministic median)
2095,SSP2,ssp245,2.059782362188444,2.7070929230799052,3.5857716513950115,1.4338921221883714,2.1.1,FaIR v1.1.0 constrained ensemble (1001 members; deterministic median)
2096,SSP2,ssp245,2.0623172107595935,2.711598393742228,3.6038605565590385,1.4383975928506942,2.1.1,FaIR v1.1.0 constrained ensemble (1001 members; deterministic median)
2097,SSP2,ssp245,2.063101501733594,2.7159028106589274,3.6147088374754692,1.4427020097673935,2.1.1,FaIR v1.1.0 constrained ensemble (1001 members; deterministic median)
2098,SSP2,ssp245,2.0638714736513437,2.7230182323431693,3.6270040026974306,1.4498174314516354,2.1.1,FaIR v1.1.0 constrained ensemble (1001 members; deterministic median)
2099,SSP2,ssp245,2.0642651452948577,2.7309216801375067,3.63938097491883,1.4577208792459728,2.1.1,FaIR v1.1.0 constrained ensemble (1001 members; deterministic median)
2100,SSP2,ssp245,2.0684145321143137,2.738640399691035,3.654321642528446,1.4654395987995013,2.1.1,FaIR v1.1.0 constrained ensemble (1001 members; deterministic median)
1750,SSP3,ssp370,-0.07947160555953202,-0.03262765950500483,0.02919768291936217,-1.284770349588927,2.1.1,FaIR v1.1.0 constrained ensemble (1001 members; deterministic median)
1751,SSP3,ssp370,-0.05079588202487503,-0.00022493299986717924,0.06448163417412171,-1.2523676230837895,2.1.1,FaIR v1.1.0 constrained ensemble (1001 members; deterministic median)
1752,SSP3,ssp370,-0.03243993205576503,0.019238211378237537,0.08644268321987841,-1.2329044787056849,2.1.1,FaIR v1.1.0 constrained ensemble (1001 members; deterministic median)
1753,SSP3,ssp370,-0.026678433216432484,0.027173346890932964,0.09532246233824106,-1.2249693431929893,2.1.1,FaIR v1.1.0 constrained ensemble (1001 members; deterministic median)
1754,SSP3,ssp370,-0.027695878633276952,0.027158835997199388,0.09527321009279911,-1.2249838540867228,2.1.1,FaIR v1.1.0 constrained ensemble (1001 members; deterministic median)
1755,SSP3,ssp370,-0.05987733306293851,-0.007520790462028084,0.06266222767488723,-1.2596634805459503,2.1.1,FaIR v1.1.0 constrained ensemble (1001 members; deterministic median)
1756,SSP3,ssp370,-0.07222183074621218,-0.02073184496692674,0.04879715921893433,-1.272874535050849,2.1.1,FaIR v1.1.0 constrained ensemble (1001 members; deterministic median)
1757,SSP3,ssp370,-0.06593910709808994,-0.014965359187471432,0.053906286926664174,-1.2671080492713938,2.1.1,FaIR v1.1.0 constrained ensemble (1001 members; deterministic median)
1758,SSP3,ssp370,-0.05661983467783669,-0.00557126662277431,0.06070013548315399,-1.2577139567066966,2.1.1,FaIR v1.1.0 constrained ensemble (1001 members; deterministic median)
1759,SSP3,ssp370,-0.04286898728916658,0.0086864676575843,0.07395144200728916,-1.243456222426338,2.1.1,FaIR v1.1.0 constrained ensemble (1001 members; deterministic median)
1760,SSP3,ssp370,-0.028482256063030717,0.023408490055888968,0.09069655202205647,-1.2287342000280332,2.1.1,FaIR v1.1.0 constrained ensemble (1001 members; deterministic median)
1761,SSP3,ssp370,-0.017384243750694556,0.035047975223204554,0.10446134411633959,-1.2170947148607179,2.1.1,FaIR v1.1.0 constrained ensemble (1001 members; deterministic median)
1762,SSP3,ssp370,-0.011752258230912332,0.04283312013318633,0.11274664995128511,-1.209309569950736,2.1.1,FaIR v1.1.0 constrained ensemble (1001 members; deterministic median)
1763,SSP3,ssp370,-0.10752127655330415,-0.04660515709446264,0.028817793372026012,-1.2987478471783849,2.1.1,FaIR v1.1.0 constrained ensemble (1001 members; deterministic median)
1764,SSP3,ssp370,-0.13021092518655625,-0.07615234751618943,-0.003812452338350765,-1.3282950376001117,2.1.1,FaIR v1.1.0 constrained ensemble (1001 members; deterministic median)
1765,SSP3,ssp370,-0.10786748909026078,-0.05369604229419901,0.015066985139631953,-1.3058387323781213,2.1.1,FaIR v1.1.0 constrained ensemble (1001 members; deterministic median)
1766,SSP3,ssp370,-0.08436615128377126,-0.033665628887613784,0.03309299160041964,-1.2858083189715361,2.1.1,FaIR v1.1.0 constrained ensemble (1001 members; deterministic median)
1767,SSP3,ssp370,-0.0675319643604663,-0.019095944486545467,0.04694090418312899,-1.2712386345704678,2.1.1,FaIR v1.1.0 constrained ensemble (1001 members; deterministic median)
1768,SSP3,ssp370,-0.09985485347245324,-0.05209839268757287,0.01185266869263998,-1.3042410827714952,2.1.1,FaIR v1.1.0 constrained ensemble (1001 members; deterministic median)
1769,SSP3,ssp370,-0.09882263729887283,-0.05308056491766275,0.007766901257573192,-1.305223255001585,2.1.1,FaIR v1.1.0 constrained ensemble (1001 members; deterministic median)
1770,SSP3,ssp370,-0.07136772023614821,-0.022891024198895056,0.041130631193627205,-1.2750337142828174,2.1.1,FaIR v1.1.0 constrained ensemble (1001 members; deterministic median)
1771,SSP3,ssp370,-0.043506411615217386,0.006039331964113048,0.07353884191281852,-1.2461033581198093,2.1.1,FaIR v1.1.0 constrained ensemble (1001 members; deterministic median)
1772,SSP3,ssp370,-0.025433767952362338,0.027063855275468313,0.09524496294542895,-1.225078834808454,2.1.1,FaIR v1.1.0 constrained ensemble (1001 members; deterministic median)
1773,SSP3,ssp370,-0.01671390821774351,0.03790213025951448,0.10926546884500456,-1.214240559824408,2.1.1,FaIR v1.1.0 constrained ensemble (1001 members; deterministic median)
1774,SSP3,ssp370,-0.014601311602525854,0.041229661336857154,0.11306811952441645,-1.210913028747065,2.1.1,FaIR v1.1.0 constrained ensemble (1001 members; deterministic median)
1775,SSP3,ssp370,-0.01834733457978259,0.03627846457843605,0.10479763512335381,-1.2158642255054863,2.1.1,FaIR v1.1.0 constrained ensemble (1001 members; deterministic median)
1776,SSP3,ssp370,-0.023483167160208436,0.030524216950220076,0.09885271647987581,-1.2216184731337023,2.1.1,FaIR v1.1.0 constrained ensemble (1001 members; deterministic median)
1777,SSP3,ssp370,-0.02839203529893987,0.026248870661647335,0.09630028557569567,-1.225893819422275,2.1.1,FaIR v1.1.0 constrained ensemble (1001 members; deterministic median)
1778,SSP3,ssp370,-0.029673667566985612,0.023815010603278293,0.09399639816093802,-1.228327679480644,2.1.1,FaIR v1.1.0 constrained ensemble (1001 members; deterministic median)
1779,SSP3,ssp370,-0.02506842334765675,0.02772567548748553,0.09700654487628724,-1.2244170145964368,2.1.1,FaIR v1.1.0 constrained ensemble (1001 members; deterministic median)
1780,SSP3,ssp370,-0.01250416288853795,0.040221633204082854,0.11137060034599654,-1.2119210568798395,2.1.1,FaIR v1.1.0 constrained ensemble (1001 members; deterministic median)
1781,SSP3,ssp370,-0.00033075103758645197,0.05287494337355345,0.12587117911636378,-1.199267746710369,2.1.1,FaIR v1.1.0 constrained ensemble (1001 members; deterministic median)
1782,SSP3,ssp370,0.006174970927009776,0.0621219202240048,0.13599443346376766,-1.1900207698599174,2.1.1,FaIR v1.1.0 constrained ensemble (1001 members; deterministic median)
1783,SSP3,ssp370,0.007711367783412082,0.06457590233472632,0.13967489791989182,-1.187566787749196,2.1.1,FaIR v1.1.0 constrained ensemble (1001 members; deterministic median)
1784,SSP3,ssp370,-0.21470042364765818,-0.12252189376094336,-0.022186681852568127,-1.3746645838448657,2.1.1,FaIR v1.1.0 constrained ensemble (1001 members; deterministic median)
1785,SSP3,ssp370,-0.2678510009793896,-0.18210625957714605,-0.09330309695024355,-1.4342489496610684,2.1.1,FaIR v1.1.0 constrained ensemble (1001 members; deterministic median)
1786,SSP3,ssp370,-0.216245411419642,-0.14145089136594932,-0.06224865558822516,-1.3935935814498717,2.1.1,FaIR v1.1.0 constrained ensemble (1001 members; deterministic median)
1787,SSP3,ssp370,-0.15514445284859713,-0.09025072991908743,-0.017659607100408845,-1.3423934200030097,2.1.1,FaIR v1.1.0 constrained ensemble (1001 members; deterministic median)
1788,SSP3,ssp370,-0.11134987627146606,-0.05432307258011873,0.011136043190126633,-1.306465762664041,2.1.1,FaIR v1.1.0 constrained ensemble (1001 members; deterministic median)
1789,SSP3,ssp370,-0.0740169438606637,-0.024720695290656867,0.03413566724279654,-1.2768633853745792,2.1.1,FaIR v1.1.0 constrained ensemble (1001 members; deterministic median)
1790,SSP3,ssp370,-0.043604923440222564,0.005669493510756889,0.0671582365076538,-1.2464731965731655,2.1.1,FaIR v1.1.0 constrained ensemble (1001 members; deterministic median)
1791,SSP3,ssp370,-0.022399216116992332,0.0276856538313508,0.0932034439483643,-1.2244570362525715,2.1.1,FaIR v1.1.0 constrained ensemble (1001 members; deterministic median)
1792,SSP3,ssp370,-0.009241911846948794,0.04355303947163339,0.11254466189653747,-1.2085896506122888,2.1.1,FaIR v1.1.0 constrained ensemble (1001 members; deterministic median)
1793,SSP3,ssp370,-0.001721377212674513,0.05225722737281828,0.12412623938104532,-1.199885462711104,2.1.1,FaIR v1.1.0 constrained ensemble (1001 members; deterministic median)
1794,SSP3,ssp370,-2.2465388129541686e-05,0.05547462490371512,0.12800398666277224,-1.1966680651802073,2.1.1,FaIR v1.1.0 constrained ensemble (1001 members; deterministic median)
1795,SSP3,ssp370,-0.002146362338212318,0.05088466388627366,0.12190775008792831,-1.2012580261976487,2.1.1,FaIR v1.1.0 constrained ensemble (1001 members; deterministic median)
1796,SSP3,ssp370,-0.023121133934414936,0.02753569963287634,0.09548833677334695,-1.224606990451046,2.1.1,FaIR v1.1.0 constrained ensemble (1001 members; deterministic median)
1797,SSP3,ssp370,-0.03341844876789314,0.0171170499039677,0.08505531098853095,-1.2350256401799546,2.1.1,FaIR v1.1.0 constrained ensemble (1001 members; deterministic median)
1798,SSP3,ssp370,-0.03359817272693036,0.01550042576413501,0.08145709820413134,-1.2366422643197874,2.1.1,FaIR v1.1.0 constrained ensemble (1001 members; deterministic median)
1799,SSP3,ssp370,-0.032819461831244165,0.015001579216677725,0.07698230012394267,-1.2371411108672445,2.1.1,FaIR v1.1.0 constrained ensemble (1001 members; deterministic median)
1800,SSP3,ssp370,-0.03125018822409828,0.016274388652063924,0.0789271171421454,-1.2358683014318583,2.1.1,FaIR v1.1.0 constrained ensemble (1001 members; deterministic median)
1801,SSP3,ssp370,-0.028196188498452734,0.019294437591836168,0.08319272967691982,-1.232848252492086,2.1.1,FaIR v1.1.0 constrained ensemble (1001 members; deterministic median)
1802,SSP3,ssp370,-0.021930509955679862,0.026130101286973764,0.0916207212027509,-1.2260125887969486,2.1.1,FaIR v1.1.0 constrained ensemble (1001 members; deterministic median)
1803,SSP3,ssp370,-0.014589215048247,0.03400689753040512,0.10038650552504225,-1.2181357925535172,2.1.1,FaIR v1.1.0 constrained ensemble (1001 members; deterministic median)
1804,SSP3,ssp370,-0.007668510929948455,0.04229671014177132,0.1097836667715091,-1.209845979942151,2.1.1,FaIR v1.1.0 constrained ensemble (1001 members; deterministic median)
1805,SSP3,ssp370,-0.003852738403434461,0.047883702190986976,0.117374535913766,-1.2042589878929353,2.1.1,FaIR v1.1.0 constrained ensemble (1001 members; deterministic median)
1806,SSP3,ssp370,-0.0020936025309677836,0.04931022462800365,0.11936591604350559,-1.2028324654559186,2.1.1,FaIR v1.1.0 constrained ensemble (1001 members; deterministic median)
1807,SSP3,ssp370,-0.002024813158788774,0.04933228847905617,0.11955818583262626,-1.2028104016048662,2.1.1,FaIR v1.1.0 constrained ensemble (1001 members; deterministic median)
1808,SSP3,ssp370,-0.004165248060123167,0.04734137811647385,0.11614349059562254,-1.2048013119674486,2.1.1,FaIR v1.1.0 constrained ensemble (1001 members; deterministic median)
1809,SSP3,ssp370,-0.008009377605912318,0.041455921258200426,0.10710589531429836,-1.210686768825722,2.1.1,FaIR v1.1.0 constrained ensemble (1001 members; deterministic median)
1810,SSP3,ssp370,-0.3795501350014984,-0.2447187400785102,-0.1185149783946286,-1.4968614301624326,2.1.1,FaIR v1.1.0 constrained ensemble (1001 members; deterministic median)
1811,SSP3,ssp370,-0.46435799459565497,-0.33387943206988857,-0.21681831703314186,-1.5860221221538109,2.1.1,FaIR v1.1.0 constrained ensemble (1001 members; deterministic median)
1812,SSP3,ssp370,-0.3766404521106772,-0.2590545458856043,-0.15535635928684305,-1.5111972359695267,2.1.1,FaIR v1.1.0 constrained ensemble (1001 members; deterministic median)
1813,SSP3,ssp370,-0.2685623360779876,-0.16960400811112833,-0.08258685052133766,-1.4217466981950506,2.1.1,FaIR v1.1.0 constrained ensemble (1001 members; deterministic median)
1814,SSP3,ssp370,-0.18680319359279096,-0.10922535622809418,-0.03511900289243573,-1.3613680463120166,2.1.1,FaIR v1.1.0 constrained ensemble (1001 members; deterministic median)
1815,SSP3,ssp370,-0.13188932354496608,-0.07143586631835001,-0.009857525419318591,-1.3235785564022724,2.1.1,FaIR v1.1.0 constrained ensemble (1001 members; deterministic median)
1816,SSP3,ssp370,-0.830233481074423,-0.5731360164663409,-0.3575612926400308,-1.8252787065502631,2.1.1,FaIR v1.1.0 constrained ensemble (1001 members; deterministic median)
1817,SSP3,ssp370,-1.0160917110568761,-0.7462461481983127,-0.5217993542654696,-1.998388838282235,2.1.1,FaIR v1.1.0 constrained ensemble (1001 members; deterministic median)
1818,SSP3,ssp370,-0.831019777095295,-0.5850608925762952,-0.38627012054858967,-1.8372035826602175,2.1.1,FaIR v1.1.0 constrained ensemble (1001 members; deterministic median)
1819,SSP3,ssp370,-0.622160941105343,-0.4000128052986497,-0.23908426301403404,-1.652155495382572,2.1.1,FaIR v1.1.0 constrained ensemble (1001 members; deterministic median)
1820,SSP3,ssp370,-0.45909999782216765,-0.2757172561126474,-0.15279638388582337,-1.5278599461965698,2.1.1,FaIR v1.1.0 constrained ensemble (1001 members; deterministic median)
1821,SSP3,ssp370,-0.34005199429312977,-0.20010216747139134,-0.1065688535139797,-1.4522448575553137,2.1.1,FaIR v1.1.0 constrained ensemble (1001 members; deterministic median)
1822,SSP3,ssp370,-0.2656487925637221,-0.15520994273847857,-0.07870289941352017,-1.4073526328224009,2.1.1,FaIR v1.1.0 constrained ensemble (1001 members; deterministic median)
1823,SSP3,ssp370,-0.24299694353739826,-0.14569758273210778,-0.08166211122228484,-1.3978402728160302,2.1.1,FaIR v1.1.0 constrained ensemble (1001 members; deterministic median)
1824,SSP3,ssp370,-0.21529963562607346,-0.12799567599867806,-0.07152409851549596,-1.3801383660826003,2.1.1,FaIR v1.1.0 constrained ensemble (1001 members; deterministic median)
1825,SSP3,ssp370,-0.17951049124030943,-0.10419155062746002,-0.05076882156687146,-1.3563342407113823,2.1.1,FaIR v1.1.0 constrained ensemble (1001 members; deterministic median)
1826,SSP3,ssp370,-0.145256323834907,-0.08013589552573339,-0.029973516387680296,-1.3322785856096557,2.1.1,FaIR v1.1.0 constrained ensemble (1001 members; deterministic median)
1827,SSP3,ssp370,-0.11574288739092514,-0.057939216474495084,-0.00513171933202828,-1.3100819065584175,2.1.1,FaIR v1.1.0 constrained ensemble (1001 members; deterministic median)
1828,SSP3,ssp370,-0.09469620441447137,-0.038956308366301255,0.013820123618563739,-1.2910989984502235,2.1.1,FaIR v1.1.0 constrained ensemble (1001 members; deterministic median)
1829,SSP3,ssp370,-0.07760780461054943,-0.026277396185335665,0.023320783613322398,-1.278420086269258,2.1.1,FaIR v1.1.0 constrained ensemble (1001 members; deterministic median)
1830,SSP3,ssp370,-0.06368804732294364,-0.016446251746547604,0.03321560453836831,-1.2685889418304699,2.1.1,FaIR v1.1.0 constrained ensemble (1001 members; deterministic median)
1831,SSP3,ssp370,-0.05467971887053458,-0.011113835203871367,0.03875359427393656,-1.2632565252877936,2.1.1,FaIR v1.1.0 constrained ensemble (1001 members; deterministic median)
1832,SSP3,ssp370,-0.4347905938319729,-0.2938590614651492,-0.16523639445461824,-1.5460017515490714,2.1.1,FaIR v1.1.0 constrained ensemble (1001 members; deterministic median)
1833,SSP3,ssp370,-0.5179901812949433,-0.3828606757909218,-0.27163534369313946,-1.6350033658748442,2.1.1,FaIR v1.1.0 constrained ensemble (1001 members; deterministic median)
1834,SSP3,ssp370,-0.42316531771765026,-0.305552196245922,-0.20470406069412894,-1.5576948863298443,2.1.1,FaIR v1.1.0 constrained ensemble (1001 members; deterministic median)
1835,SSP3,ssp370,-0.31555910678633453,-0.21308453837686783,-0.1395656340897154,-1.4652272284607901,2.1.1,FaIR v1.1.0 constrained ensemble (1001 members; deterministic median)
1836,SSP3,ssp370,-0.32714486946246407,-0.24012478185911926,-0.17181651068822582,-1.4922674719430415,2.1.1,FaIR v1.1.0 constrained ensemble (1001 members; deterministic median)
1837,SSP3,ssp370,-0.30004422993115304,-0.2173247968723674,-0.1526640591085678,-1.4694674869562898,2.1.1,FaIR v1.1.0 constrained ensemble (1001 members; deterministic median)
1838,SSP3,ssp370,-0.2276596791716552,-0.1513499204581672,-0.09555570502892732,-1.4034926105420895,2.1.1,FaIR v1.1.0 constrained ensemble (1001 members; deterministic median)
1839,SSP3,ssp370,-0.16457673213402144,-0.09597412231280142,-0.04932362619143858,-1.3481168123967238,2.1.1,FaIR v1.1.0 constrained ensemble (1001 members; deterministic median)
1840,SSP3,ssp370,-0.11936542776486517,-0.06105176525423988,-0.018793477607234443,-1.3131944553381623,2.1.1,FaIR v1.1.0 constrained ensemble (1001 members; deterministic median)
1841,SSP3,ssp370,-0.09190963192551592,-0.039545891295508145,0.0007554226749036537,-1.2916885813794305,2.1.1,FaIR v1.1.0 constrained ensemble (1001 members; deterministic median)
1842,SSP3,ssp370,-0.0736129589074204,-0.028511860690358236,0.011113270576091284,-1.2806545507742806,2.1.1,FaIR v1.1.0 constrained ensemble (1001 members; deterministic median)
1843,SSP3,ssp370,-0.06355432576581194,-0.023176153250448986,0.01562954237561174,-1.2753188433343714,2.1.1,FaIR v1.1.0 constrained ensemble (1001 members; deterministic median)
1844,SSP3,ssp370,-0.05713299063114071,-0.02034261251951118,0.01759528870414622,-1.2724853026034335,2.1.1,FaIR v1.1.0 constrained ensemble (1001 members; deterministic median)
1845,SSP3,ssp370,-0.0791548662428796,-0.04107457025724192,-0.005350148808233687,-1.2932172603411642,2.1.1,FaIR v1.1.0 constrained ensemble (1001 members; deterministic median)
1846,SSP3,ssp370,-0.0801043497851265,-0.047485753050647825,-0.015386967181312073,-1.2996284431345702,2.1.1,FaIR v1.1.0 constrained ensemble (1001 members; deterministic median)
1847,SSP3,ssp370,-0.06487387179189429,-0.03615046402073185,-0.006301727582321736,-1.288293154104654,2.1.1,FaIR v1.1.0 constrained ensemble (1001 members; deterministic median)
1848,SSP3,ssp370,-0.05056648214056436,-0.024527194532000862,0.0034329355916365833,-1.2766698846159232,2.1.1,FaIR v1.1.0 constrained ensemble (1001 members; deterministic median)
1849,SSP3,ssp370,-0.03913095780317764,-0.014986806087728677,0.010755864429990013,-1.267129496171651,2.1.1,FaIR v1.1.0 constrained ensemble (1001 members; deterministic median)
1850,SSP3,ssp370,-0.028837796144352692,-0.0054379891135899056,0.01997346329650499,-1.2575806791975122,2.1.1,FaIR v1.1.0 constrained ensemble (1001 members; deterministic median)
1851,SSP3,ssp370,-0.020781466403475377,0.002294549878137219,0.02805228604940354,-1.249848140205785,2.1.1,FaIR v1.1.0 constrained ensemble (1001 members; deterministic median)
1852,SSP3,ssp370,-0.014365907300523777,0.009268673347428681,0.03572547024840928,-1.2428740167364936,2.1.1,FaIR v1.1.0 constrained ensemble (1001 members; deterministic median)
1853,SSP3,ssp370,-0.009203061727846098,0.015040193401955726,0.042265838537040606,-1.2371024966819666,2.1.1,FaIR v1.1.0 constrained ensemble (1001 members; deterministic median)
1854,SSP3,ssp370,-0.006232524805628261,0.018223785211145774,0.04661737055608563,-1.2339189048727766,2.1.1,FaIR v1.1.0 constrained ensemble (1001 members; deterministic median)
1855,SSP3,ssp370,-0.0057067025338216545,0.016787574474089156,0.04399765474942451,-1.2353551156098332,2.1.1,FaIR v1.1.0 constrained ensemble (1001 members; deterministic median)
1856,SSP3,ssp370,-0.04114259667482685,-0.016329111425994178,0.011598476984105599,-1.2684718015099166,2.1.1,FaIR v1.1.0 constrained ensemble (1001 members; deterministic median)
1857,SSP3,ssp370,-0.04508468357390953,-0.02496475019397963,-0.001884441708996952,-1.277107440277902,2.1.1,FaIR v1.1.0 constrained ensemble (1001 members; deterministic median)
1858,SSP3,ssp370,-0.030664718140093007,-0.014106511852711667,0.004693229865378269,-1.266249201936634,2.1.1,FaIR v1.1.0 constrained ensemble (1001 members; deterministic median)
1859,SSP3,ssp370,-0.01635410252859304,-0.0006489755979106858,0.0166224637256388,-1.252791665681833,2.1.1,FaIR v1.1.0 constrained ensemble (1001 members; deterministic median)
1860,SSP3,ssp370,-0.0043331835706576505,0.011152332740673964,0.028318682689244288,-1.2409903573432484,2.1.1,FaIR v1.1.0 constrained ensemble (1001 members; deterministic median)
1861,SSP3,ssp370,0.0038257321361051394,0.02010887348202361,0.038418196695911816,-1.2320338166018987,2.1.1,FaIR v1.1.0 constrained ensemble (1001 members; deterministic median)
1862,SSP3,ssp370,-0.0005554934146173515,0.015770933827549207,0.033324534345811646,-1.2363717562563732,2.1.1,FaIR v1.1.0 constrained ensemble (1001 members; deterministic median)
1863,SSP3,ssp370,-0.004885416240805351,0.010641900606804873,0.02747743711851084,-1.2415007894771175,2.1.1,FaIR v1.1.0 constrained ensemble (1001 members; deterministic median)
1864,SSP3,ssp370,-0.08579255164356092,-0.054877708446330505,-0.02320459561052009,-1.3070203985302529,2.1.1,FaIR v1.1.0 constrained ensemble (1001 members; deterministic median)
1865,SSP3,ssp370,-0.09494230246300818,-0.06810985658686064,-0.04321770311472845,-1.3202525466707828,2.1.1,FaIR v1.1.0 constrained ensemble (1001 members; deterministic median)
1866,SSP3,ssp370,-0.06715697223647532,-0.045417441807009115,-0.02497923095577033,-1.2975601318909313,2.1.1,FaIR v1.1.0 constrained ensemble (1001 members; deterministic median)
1867,SSP3,ssp370,-0.03909083918790442,-0.020994268098546293,-0.0054068481409836186,-1.2731369581824685,2.1.1,FaIR v1.1.0 constrained ensemble (1001 members; deterministic median)
1868,SSP3,ssp370,-0.01860273111758783,-0.006572303672886774,0.00548298157744357,-1.2587149937568092,2.1.1,FaIR v1.1.0 constrained ensemble (1001 members; deterministic median)
1869,SSP3,ssp370,-0.005878647042807099,0.002810643935124049,0.013619003007447578,-1.2493320461487982,2.1.1,FaIR v1.1.0 constrained ensemble (1001 members; deterministic median)
1870,SSP3,ssp370,0.004397039551230695,0.013082241290857187,0.024375796371200777,-1.2390604487930652,2.1.1,FaIR v1.1.0 constrained ensemble (1001 members; deterministic median)
1871,SSP3,ssp370,0.010268208436851167,0.019382251231409194,0.031630929692867925,-1.232760438852513,2.1.1,FaIR v1.1.0 constrained ensemble (1001 members; deterministic median)
1872,SSP3,ssp370,0.01668614511367815,0.02711887656516089,0.04071856284602785,-1.2250238135187614,2.1.1,FaIR v1.1.0 constrained ensemble (1001 members; deterministic median)
1873,SSP3,ssp370,0.020213719666181885,0.0326160485415559,0.04765540802823115,-1.2195266415423665,2.1.1,FaIR v1.1.0 constrained ensemble (1001 members; deterministic median)
1874,SSP3,ssp370,0.014397509713915686,0.02498476653659635,0.038443956903795574,-1.227157923547326,2.1.1,FaIR v1.1.0 constrained ensemble (1001 members; deterministic median)
1875,SSP3,ssp370,0.018275738603499958,0.028243544708204605,0.0413097628750218,-1.2238991453757178,2.1.1,FaIR v1.1.0 constrained ensemble (1001 members; deterministic median)
1876,SSP3,ssp370,0.02063893232439032,0.03172999088184701,0.045648936355776965,-1.2204126992020754,2.1.1,FaIR v1.1.0 constrained ensemble (1001 members; deterministic median)
1877,SSP3,ssp370,0.019430166989682137,0.03074634050119461,0.044818120708670674,-1.2213963495827278,2.1.1,FaIR v1.1.0 constrained ensemble (1001 members; deterministic median)
1878,SSP3,ssp370,0.019611513867524674,0.030785958557464008,0.044886113583337495,-1.2213567315264584,2.1.1,FaIR v1.1.0 constrained ensemble (1001 members; deterministic median)
1879,SSP3,ssp370,0.019753285582701244,0.031682763662708203,0.046199080215014066,-1.2204599264212141,2.1.1,FaIR v1.1.0 constrained ensemble (1001 members; deterministic median)
1880,SSP3,ssp370,0.01951293331214718,0.031845599368928,0.046926829746555265,-1.2202970907149944,2.1.1,FaIR v1.1.0 constrained ensemble (1001 members; deterministic median)
1881,SSP3,ssp370,0.01898291101032057,0.030811268719038776,0.044978331005406706,-1.2213314213648836,2.1.1,FaIR v1.1.0 constrained ensemble (1001 members; deterministic median)
1882,SSP3,ssp370,0.022164527917425146,0.033175329147460894,0.04756797227267044,-1.2189673609364615,2.1.1,FaIR v1.1.0 constrained ensemble (1001 members; deterministic median)
1883,SSP3,ssp370,0.027146756017329368,0.03929559098690273,0.054890845464200935,-1.2128470990970195,2.1.1,FaIR v1.1.0 constrained ensemble (1001 members; deterministic median)
1884,SSP3,ssp370,-0.011467807111915765,0.002270480157772682,0.018458635107238715,-1.2498722099261497,2.1.1,FaIR v1.1.0 constrained ensemble (1001 members; deterministic median)
1885,SSP3,ssp370,-0.21321797049355584,-0.1409501152552904,-0.07670651890271696,-1.3930928053392126,2.1.1,FaIR v1.1.0 constrained ensemble (1001 members; deterministic median)
1886,SSP3,ssp370,-0.21106946486766787,-0.14440958916454869,-0.08985854198667026,-1.396552279248471,2.1.1,FaIR v1.1.0 constrained ensemble (1001 members; deterministic median)
1887,SSP3,ssp370,-0.15722928995990648,-0.09605054119770645,-0.04895148742497169,-1.3481932312816287,2.1.1,FaIR v1.1.0 constrained ensemble (1001 members; deterministic median)
1888,SSP3,ssp370,-0.1165549794614946,-0.06213639455495155,-0.02527838317277118,-1.3142790846388739,2.1.1,FaIR v1.1.0 constrained ensemble (1001 members; deterministic median)
1889,SSP3,ssp370,-0.07818841091134907,-0.03382166985730085,-0.0034669946868202683,-1.2859643599412232,2.1.1,FaIR v1.1.0 constrained ensemble (1001 members; deterministic median)
1890,SSP3,ssp370,-0.046174433641048125,-0.011226253026530608,0.014970129446122839,-1.263368943110453,2.1.1,FaIR v1.1.0 constrained ensemble (1001 members; deterministic median)
1891,SSP3,ssp370,-0.04271927688212969,-0.012416798917141612,0.011470691268256741,-1.2645594890010639,2.1.1,FaIR v1.1.0 constrained ensemble (1001 members; deterministic median)
1892,SSP3,ssp370,-0.04611781295466317,-0.01917602452971498,0.0029250858141244007,-1.2713187146136373,2.1.1,FaIR v1.1.0 constrained ensemble (1001 members; deterministic median)
1893,SSP3,ssp370,-0.04114071422503392,-0.014872918677826273,0.006766907826601241,-1.2670156087617486,2.1.1,FaIR v1.1.0 constrained ensemble (1001 members; deterministic median)
1894,SSP3,ssp370,-0.018682388220329575,0.005820984320909262,0.027556057668419384,-1.2463217057630132,2.1.1,FaIR v1.1.0 constrained ensemble (1001 members; deterministic median)
1895,SSP3,ssp370,-0.0015550509108592202,0.024857315084362015,0.047915121506285865,-1.2272853749995603,2.1.1,FaIR v1.1.0 constrained ensemble (1001 members; deterministic median)
1896,SSP3,ssp370,0.010348783216103597,0.03618595014932859,0.05992055289330061,-1.2159567399345936,2.1.1,FaIR v1.1.0 constrained ensemble (1001 members; deterministic median)
1897,SSP3,ssp370,0.0182384818894584,0.042819765404668766,0.06502027815768292,-1.2093229246792536,2.1.1,FaIR v1.1.0 constrained ensemble (1001 members; deterministic median)
1898,SSP3,ssp370,0.019549008511963402,0.04433225544287683,0.06680860295353863,-1.2078104346410454,2.1.1,FaIR v1.1.0 constrained ensemble (1001 members; deterministic median)
1899,SSP3,ssp370,0.019859335523100534,0.04561926288739339,0.0685353473442288,-1.2065234271965288,2.1.1,FaIR v1.1.0 constrained ensemble (1001 members; deterministic median)
1900,SSP3,ssp370,0.017357531123542547,0.04394421972086697,0.06839161909051696,-1.2081984703630553,2.1.1,FaIR v1.1.0 constrained ensemble (1001 members; deterministic median)
1901,SSP3,ssp370,0.014917388124253032,0.04329649385626534,0.06924328796809848,-1.2088461962276569,2.1.1,FaIR v1.1.0 constrained ensemble (1001 members; deterministic median)
1902,SSP3,ssp370,0.014076287097383323,0.04315195033095208,0.07063534782157127,-1.2089907397529702,2.1.1,FaIR v1.1.0 constrained ensemble (1001 members; deterministic median)
1903,SSP3,ssp370,-0.007162609380677965,0.025926885261659052,0.05465395015874262,-1.2262158048222633,2.1.1,FaIR v1.1.0 constrained ensemble (1001 members; deterministic median)
1904,SSP3,ssp370,-0.08410158088003838,-0.038654669773158096,0.00019106127850058996,-1.2907973598570803,2.1.1,FaIR v1.1.0 constrained ensemble (1001 members; deterministic median)
1905,SSP3,ssp370,-0.08451462000889093,-0.0386962358679946,0.0015725214017483918,-1.2908389259519168,2.1.1,FaIR v1.1.0 constrained ensemble (1001 members; deterministic median)
1906,SSP3,ssp370,-0.05545358136128881,-0.010353281983781812,0.031880826905399826,-1.262495972067704,2.1.1,FaIR v1.1.0 constrained ensemble (1001 members; deterministic median)
1907,SSP3,ssp370,-0.027667380699374088,0.016644453958357473,0.057980824050295116,-1.2354982361255649,2.1.1,FaIR v1.1.0 constrained ensemble (1001 members; deterministic median)
1908,SSP3,ssp370,-0.03219790152269594,0.01355756737402393,0.05633841853500059,-1.2385851227098983,2.1.1,FaIR v1.1.0 constrained ensemble (1001 members; deterministic median)
1909,SSP3,ssp370,-0.023690179254448614,0.023385384069716634,0.06761336928441126,-1.2287573060142056,2.1.1,FaIR v1.1.0 constrained ensemble (1001 members; deterministic median)
1910,SSP3,ssp370,-0.0153206464602978,0.03371440963449331,0.07849558008089347,-1.218428280449429,2.1.1,FaIR v1.1.0 constrained ensemble (1001 members; deterministic median)
1911,SSP3,ssp370,-0.01397445215549816,0.03639854894072417,0.08454856561011971,-1.2157441411431982,2.1.1,FaIR v1.1.0 constrained ensemble (1001 members; deterministic median)
1912,SSP3,ssp370,-0.013716226723772781,0.039015545122554465,0.08670662404768104,-1.2131271449613679,2.1.1,FaIR v1.1.0 constrained ensemble (1001 members; deterministic median)
1913,SSP3,ssp370,-0.06585981522623237,-0.006765988959924127,0.04440492378259747,-1.2589086790438464,2.1.1,FaIR v1.1.0 constrained ensemble (1001 members; deterministic median)
1914,SSP3,ssp370,-0.08949629295774289,-0.02797353871399713,0.02771264514079992,-1.2801162287979195,2.1.1,FaIR v1.1.0 constrained ensemble (1001 members; deterministic median)
1915,SSP3,ssp370,-0.07511837522863332,-0.011484518048113505,0.047082928241441446,-1.2636272081320359,2.1.1,FaIR v1.1.0 constrained ensemble (1001 members; deterministic median)
1916,SSP3,ssp370,-0.03869019385701262,0.020219766417573108,0.07752226887721851,-1.2319229236663491,2.1.1,FaIR v1.1.0 constrained ensemble (1001 members; deterministic median)
1917,SSP3,ssp370,-0.016804512230883993,0.04217021014467612,0.09919635439695203,-1.2099724799392462,2.1.1,FaIR v1.1.0 constrained ensemble (1001 members; deterministic median)
1918,SSP3,ssp370,-0.0038366169371309433,0.05649777402038645,0.1151165499786999,-1.1956449160635358,2.1.1,FaIR v1.1.0 constrained ensemble (1001 members; deterministic median)
1919,SSP3,ssp370,0.006762189321997639,0.0668464967858742,0.12589657040948257,-1.1852961932980481,2.1.1,FaIR v1.1.0 constrained ensemble (1001 members; deterministic median)
1920,SSP3,ssp370,0.01852041849720249,0.07626760669461864,0.13174907488398213,-1.1758750833893037,2.1.1,FaIR v1.1.0 constrained ensemble (1001 members; deterministic median)
1921,SSP3,ssp370,0.0189609778056782,0.07628573228111257,0.13222001479553058,-1.1758569578028097,2.1.1,FaIR v1.1.0 constrained ensemble (1001 members; deterministic median)
1922,SSP3,ssp370,0.027989874169284605,0.08286403204821935,0.134687113454516,-1.169278658035703,2.1.1,FaIR v1.1.0 constrained ensemble (1001 members; deterministic median)
1923,SSP3,ssp370,0.02137349160829405,0.07506315545813771,0.12551737427503298,-1.1770795346257845,2.1.1,FaIR v1.1.0 constrained ensemble (1001 members; deterministic median)
1924,SSP3,ssp370,0.012297675968177092,0.06974989961595866,0.12285357373000676,-1.1823927904679636,2.1.1,FaIR v1.1.0 constrained ensemble (1001 members; deterministic median)
1925,SSP3,ssp370,0.01931981210881015,0.07701197554595446,0.13178369447071445,-1.175130714537968,2.1.1,FaIR v1.1.0 constrained ensemble (1001 members; deterministic median)
1926,SSP3,ssp370,0.02744408520527888,0.08609177866923802,0.14065688128651713,-1.1660509114146842,2.1.1,FaIR v1.1.0 constrained ensemble (1001 members; deterministic median)
1927,SSP3,ssp370,0.03898861683096889,0.09742805429538562,0.15153172232653445,-1.1547146357885367,2.1.1,FaIR v1.1.0 constrained ensemble (1001 members; deterministic median)
1928,SSP3,ssp370,0.04608434389940253,0.10576698906660262,0.16106976143519608,-1.1463757010173197,2.1.1,FaIR v1.1.0 constrained ensemble (1001 members; deterministic median)
1929,SSP3,ssp370,0.04752139815962904,0.10729922253243707,0.1641401820504507,-1.1448434675514854,2.1.1,FaIR v1.1.0 constrained ensemble (1001 members; deterministic median)
1930,SSP3,ssp370,0.029402310826143224,0.09153487498207925,0.15067332261277877,-1.160607815101843,2.1.1,FaIR v1.1.0 constrained ensemble (1001 members; deterministic median)
1931,SSP3,ssp370,0.04314891464589962,0.10287226915635163,0.16169540259427578,-1.1492704209275706,2.1.1,FaIR v1.1.0 constrained ensemble (1001 members; deterministic median)
1932,SSP3,ssp370,0.06043340023620242,0.1164945789653404,0.17283652458277474,-1.1356481111185819,2.1.1,FaIR v1.1.0 constrained ensemble (1001 members; deterministic median)
1933,SSP3,ssp370,0.058450977858577766,0.11229751777500156,0.1660890286026318,-1.1398451723089207,2.1.1,FaIR v1.1.0 constrained ensemble (1001 members; deterministic median)
1934,SSP3,ssp370,0.06860507392704646,0.12051206069310827,0.17285018872589336,-1.131630629390814,2.1.1,FaIR v1.1.0 constrained ensemble (1001 members; deterministic median)
1935,SSP3,ssp370,0.0732875884351489,0.12685435446045096,0.18097834001045993,-1.1252883356234713,2.1.1,FaIR v1.1.0 constrained ensemble (1001 members; deterministic median)
1936,SSP3,ssp370,0.07851319979430925,0.1339458812412696,0.18965166410620896,-1.1181968088426526,2.1.1,FaIR v1.1.0 constrained ensemble (1001 members; deterministic median)
1937,SSP3,ssp370,0.08506030758410649,0.14350433888776376,0.2018553689287589,-1.1086383511961586,2.1.1,FaIR v1.1.0 constrained ensemble (1001 members; deterministic median)
1938,SSP3,ssp370,0.08993066013941486,0.14918198552348033,0.21036922433128452,-1.102960704560442,2.1.1,FaIR v1.1.0 constrained ensemble (1001 members; deterministic median)
1939,SSP3,ssp370,0.0988217157006084,0.1576834679742206,0.2185581596957532,-1.0944592221097018,2.1.1,FaIR v1.1.0 constrained ensemble (1001 members; deterministic median)
1940,SSP3,ssp370,0.10001320555309462,0.16036893083845055,0.22331703957599522,-1.0917737592454717,2.1.1,FaIR v1.1.0 constrained ensemble (1001 members; deterministic median)
1941,SSP3,ssp370,0.09617528912891352,0.15935761514815483,0.22341293526813238,-1.0927850749357675,2.1.1,FaIR v1.1.0 constrained ensemble (1001 members; deterministic median)
1942,SSP3,ssp370,0.09143365186778335,0.15765749437915144,0.22307845209420485,-1.0944851957047708,2.1.1,FaIR v1.1.0 constrained ensemble (1001 members; deterministic median)
1943,SSP3,ssp370,0.0858467667644695,0.15407187326937494,0.2217476976239502,-1.0980708168145474,2.1.1,FaIR v1.1.0 constrained ensemble (1001 members; deterministic median)
1944,SSP3,ssp370,0.08218739782331477,0.15171434404120904,0.22026588563454313,-1.1004283460427133,2.1.1,FaIR v1.1.0 constrained ensemble (1001 members; deterministic median)
1945,SSP3,ssp370,0.08460262371344887,0.1538712117626678,0.22359447821142606,-1.0982714783212546,2.1.1,FaIR v1.1.0 constrained ensemble (1001 members; deterministic median)
1946,SSP3,ssp370,0.10123458989239595,0.16743810100596593,0.2349695594254629,-1.0847045890779563,2.1.1,FaIR v1.1.0 constrained ensemble (1001 members; deterministic median)
1947,SSP3,ssp370,0.11846902452195618,0.18125824083776704,0.2474790492886945,-1.0708844492461553,2.1.1,FaIR v1.1.0 constrained ensemble (1001 members; deterministic median)
1948,SSP3,ssp370,0.1288148900146726,0.19262964671913896,0.26008058239113485,-1.0595130433647832,2.1.1,FaIR v1.1.0 constrained ensemble (1001 members; deterministic median)
1949,SSP3,ssp370,0.13533634166189143,0.201623300346522,0.27035272923833176,-1.0505193897374003,2.1.1,FaIR v1.1.0 constrained ensemble (1001 members; deterministic median)
1950,SSP3,ssp370,0.1416158431860851,0.20829103257133913,0.2774505844250811,-1.0438516575125831,2.1.1,FaIR v1.1.0 constrained ensemble (1001 members; deterministic median)
1951,SSP3,ssp370,0.13347743223998082,0.20421541591223716,0.27678633403597774,-1.0479272741716852,2.1.1,FaIR v1.1.0 constrained ensemble (1001 members; deterministic median)
1952,SSP3,ssp370,0.13008246044015995,0.2018997064246562,0.2749634102042203,-1.0502429836592662,2.1.1,FaIR v1.1.0 constrained ensemble (1001 members; deterministic median)
1953,SSP3,ssp370,0.128107654241573,0.2021625863131848,0.27682833293621734,-1.0499801037707375,2.1.1,FaIR v1.1.0 constrained ensemble (1001 members; deterministic median)
1954,SSP3,ssp370,0.12603147608192805,0.2011511275896289,0.2781842599314301,-1.0509915624942934,2.1.1,FaIR v1.1.0 constrained ensemble (1001 members; deterministic median)
1955,SSP3,ssp370,0.1281118149027607,0.20297018633024272,0.28195022805448006,-1.0491725037536797,2.1.1,FaIR v1.1.0 constrained ensemble (1001 members; deterministic median)
1956,SSP3,ssp370,0.12946683547167853,0.20700048469019988,0.2888450291223279,-1.0451422053937225,2.1.1,FaIR v1.1.0 constrained ensemble (1001 members; deterministic median)
1957,SSP3,ssp370,0.13319437472712017,0.2146051022056491,0.3020910618194627,-1.037537587878273,2.1.1,FaIR v1.1.0 constrained ensemble (1001 members; deterministic median)
1958,SSP3,ssp370,0.13876294169527484,0.2253720006906409,0.3195728154895895,-1.0267706893932815,2.1.1,FaIR v1.1.0 constrained ensemble (1001 members; deterministic median)
1959,SSP3,ssp370,0.14943892591115596,0.2380738036951944,0.3351840192524695,-1.014068886388728,2.1.1,FaIR v1.1.0 constrained ensemble (1001 members; deterministic median)
1960,SSP3,ssp370,0.15119444745855393,0.24352175714829843,0.3425494824949209,-1.008620932935624,2.1.1,FaIR v1.1.0 constrained ensemble (1001 members; deterministic median)
1961,SSP3,ssp370,0.15231447750172342,0.24611325541517975,0.34755633009357445,-1.0060294346687426,2.1.1,FaIR v1.1.0 constrained ensemble (1001 members; deterministic median)
1962,SSP3,ssp370,0.13627013111303962,0.2367692393797694,0.34391987128948076,-1.015373450704153,2.1.1,FaIR v1.1.0 constrained ensemble (1001 members; deterministic median)
1963,SSP3,ssp370,0.11061858034172413,0.21612440213825593,0.3273232145208092,-1.0360182879456663,2.1.1,FaIR v1.1.0 constrained ensemble (1001 members; deterministic median)
1964,SSP3,ssp370,0.010152294472784474,0.1326023761652025,0.25213781795958473,-1.1195403139187199,2.1.1,FaIR v1.1.0 constrained ensemble (1001 members; deterministic median)
1965,SSP3,ssp370,-0.016599617219864603,0.10504550686537831,0.23111679439610502,-1.147097183218544,2.1.1,FaIR v1.1.0 constrained ensemble (1001 members; deterministic median)
1966,SSP3,ssp370,-0.010269486929237216,0.11909092391113371,0.24881489992937514,-1.1330517661727886,2.1.1,FaIR v1.1.0 constrained ensemble (1001 members; deterministic median)
1967,SSP3,ssp370,0.037235709850693126,0.16948128455222009,0.30057702675904135,-1.0826614055317023,2.1.1,FaIR v1.1.0 constrained ensemble (1001 members; deterministic median)
1968,SSP3,ssp370,0.056205385301953736,0.18513514656439434,0.3146353707941388,-1.0670075435195279,2.1.1,FaIR v1.1.0 constrained ensemble (1001 members; deterministic median)
1969,SSP3,ssp370,0.08023031340111057,0.20615254385903423,0.33821099908866203,-1.0459901462248882,2.1.1,FaIR v1.1.0 constrained ensemble (1001 members; deterministic median)
1970,SSP3,ssp370,0.1080705773247149,0.2327391637660772,0.3663670416577113,-1.0194035263178451,2.1.1,FaIR v1.1.0 constrained ensemble (1001 members; deterministic median)
1971,SSP3,ssp370,0.12262901933529016,0.251600597335736,0.38781154507055626,-1.0005420927481863,2.1.1,FaIR v1.1.0 constrained ensemble (1001 members; deterministic median)
1972,SSP3,ssp370,0.12204192708929437,0.25343040314653364,0.39159748004682204,-0.9987122869373887,2.1.1,FaIR v1.1.0 constrained ensemble (1001 members; deterministic median)
1973,SSP3,ssp370,0.13364124832531601,0.264637035281888,0.40696700435153654,-0.9875056548020343,2.1.1,FaIR v1.1.0 constrained ensemble (1001 members; deterministic median)
1974,SSP3,ssp370,0.1504766309376454,0.2835580773485628,0.4307064508708558,-0.9685846127353595,2.1.1,FaIR v1.1.0 constrained ensemble (1001 members; deterministic median)
1975,SSP3,ssp370,0.1593550426964037,0.29343178519066176,0.4432215905250793,-0.9587109048932605,2.1.1,FaIR v1.1.0 constrained ensemble (1001 members; deterministic median)
1976,SSP3,ssp370,0.14978944625921553,0.2898047997991478,0.43571146261694904,-0.9623378902847746,2.1.1,FaIR v1.1.0 constrained ensemble (1001 members; deterministic median)
1977,SSP3,ssp370,0.16942479063220206,0.3068285046037082,0.4539603199427781,-0.9453141854802141,2.1.1,FaIR v1.1.0 constrained ensemble (1001 members; deterministic median)
1978,SSP3,ssp370,0.19841596820899313,0.33442039230007753,0.4844968171757398,-0.9177222977838448,2.1.1,FaIR v1.1.0 constrained ensemble (1001 members; deterministic median)
1979,SSP3,ssp370,0.23268818014250675,0.3668698667237674,0.5198986925082524,-0.8852728233601549,2.1.1,FaIR v1.1.0 constrained ensemble (1001 members; deterministic median)
1980,SSP3,ssp370,0.2620272082325014,0.39354142051220276,0.5509372694593377,-0.8586012695717196,2.1.1,FaIR v1.1.0 constrained ensemble (1001 members; deterministic median)
1981,SSP3,ssp370,0.28064571305867003,0.41278722172416765,0.5673744009750452,-0.8393554683597546,2.1.1,FaIR v1.1.0 constrained ensemble (1001 members; deterministic median)
1982,SSP3,ssp370,0.302420902483033,0.43249333970544546,0.5822743558692537,-0.8196493503784769,2.1.1,FaIR v1.1.0 constrained ensemble (1001 members; deterministic median)
1983,SSP3,ssp370,0.28506774939402607,0.4171946461794696,0.5721137728729739,-0.8349480439044528,2.1.1,FaIR v1.1.0 constrained ensemble (1001 members; deterministic median)
1984,SSP3,ssp370,0.24901200903515866,0.3829933984117592,0.5337801354885922,-0.869149291672163,2.1.1,FaIR v1.1.0 constrained ensemble (1001 members; deterministic median)
1985,SSP3,ssp370,0.2694094026109413,0.3978799254140394,0.554634539416612,-0.8542627646698829,2.1.1,FaIR v1.1.0 constrained ensemble (1001 members; deterministic median)
1986,SSP3,ssp370,0.3064493281875168,0.4338545240280606,0.5878058153562059,-0.8182881660558617,2.1.1,FaIR v1.1.0 constrained ensemble (1001 members; deterministic median)
1987,SSP3,ssp370,0.33508100156853415,0.46131183994081293,0.6141055596941178,-0.7908308501431094,2.1.1,FaIR v1.1.0 constrained ensemble (1001 members; deterministic median)
1988,SSP3,ssp370,0.36283726137289507,0.4897500222301249,0.641553411337996,-0.7623926678537973,2.1.1,FaIR v1.1.0 constrained ensemble (1001 members; deterministic median)
1989,SSP3,ssp370,0.3979985392177302,0.5224031999894925,0.6772839579124293,-0.7297394900944298,2.1.1,FaIR v1.1.0 constrained ensemble (1001 members; deterministic median)
1990,SSP3,ssp370,0.4373584379755624,0.5642384702952231,0.7169678876123929,-0.6879042197886992,2.1.1,FaIR v1.1.0 constrained ensemble (1001 members; deterministic median)
1991,SSP3,ssp370,0.46696990171871977,0.5919295362561874,0.7451750789511637,-0.6602131538277349,2.1.1,FaIR v1.1.0 constrained ensemble (1001 members; deterministic median)
1992,SSP3,ssp370,0.4170894422911106,0.5544525439812185,0.7134080576160855,-0.6976901461027039,2.1.1,FaIR v1.1.0 constrained ensemble (1001 members; deterministic median)
1993,SSP3,ssp370,0.30260513340971573,0.4566440088164514,0.6151038572812526,-0.7954986812674709,2.1.1,FaIR v1.1.0 constrained ensemble (1001 members; deterministic median)
1994,SSP3,ssp370,0.33340328517719564,0.46895962939878144,0.629805966025216,-0.7831830606851409,2.1.1,FaIR v1.1.0 constrained ensemble (1001 members; deterministic median)
1995,SSP3,ssp370,0.3994701188936102,0.5336369381710376,0.697014516073337,-0.7185057519128847,2.1.1,FaIR v1.1.0 constrained ensemble (1001 members; deterministic median)
1996,SSP3,ssp370,0.463207849923424,0.5974416685080878,0.7581643755542974,-0.6547010215758345,2.1.1,FaIR v1.1.0 constrained ensemble (1001 members; deterministic median)
1997,SSP3,ssp370,0.5143311220188143,0.6465256998001478,0.7999724140876107,-0.6056169902837745,2.1.1,FaIR v1.1.0 constrained ensemble (1001 members; deterministic median)
1998,SSP3,ssp370,0.5332039960072726,0.6737637592386887,0.8348058808593279,-0.5783789308452336,2.1.1,FaIR v1.1.0 constrained ensemble (1001 members; deterministic median)
1999,SSP3,ssp370,0.5624691941928882,0.7067930938793111,0.8677733090614268,-0.5453495962046112,2.1.1,FaIR v1.1.0 constrained ensemble (1001 members; deterministic median)
2000,SSP3,ssp370,0.6102024158772043,0.753703184052187,0.9051048025644243,-0.49843950603173537,2.1.1,FaIR v1.1.0 constrained ensemble (1001 members; deterministic median)
2001,SSP3,ssp370,0.6566846335119093,0.7977253537633581,0.947506535660124,-0.45441733632056425,2.1.1,FaIR v1.1.0 constrained ensemble (1001 members; deterministic median)
2002,SSP3,ssp370,0.6880182521245384,0.8285403552277568,0.9786725150640432,-0.4236023348561655,2.1.1,FaIR v1.1.0 constrained ensemble (1001 members; deterministic median)
2003,SSP3,ssp370,0.7000833860927819,0.8491510674473806,1.0013506729644908,-0.40299162263654176,2.1.1,FaIR v1.1.0 constrained ensemble (1001 members; deterministic median)
2004,SSP3,ssp370,0.7050736394985961,0.8568713076294966,1.0123896714907,-0.3952713824544257,2.1.1,FaIR v1.1.0 constrained ensemble (1001 members; deterministic median)
2005,SSP3,ssp370,0.7135809240180637,0.8694065767199469,1.0237571442485702,-0.3827361133639754,2.1.1,FaIR v1.1.0 constrained ensemble (1001 members; deterministic median)
2006,SSP3,ssp370,0.7200751440753042,0.8761607836531262,1.0332263998439064,-0.3759819064307961,2.1.1,FaIR v1.1.0 constrained ensemble (1001 members; deterministic median)
2007,SSP3,ssp370,0.7252440166151948,0.8854648924891311,1.043850036391237,-0.36667779759479124,2.1.1,FaIR v1.1.0 constrained ensemble (1001 members; deterministic median)
2008,SSP3,ssp370,0.7368098656467004,0.8990064274469788,1.0581690277994904,-0.35313626263694353,2.1.1,FaIR v1.1.0 constrained ensemble (1001 members; deterministic median)
2009,SSP3,ssp370,0.7575255490753751,0.9197429260698502,1.0797124241695568,-0.3323997640140721,2.1.1,FaIR v1.1.0 constrained ensemble (1001 members; deterministic median)
2010,SSP3,ssp370,0.777227291363001,0.9425192269520106,1.0996416930058348,-0.3096234631319117,2.1.1,FaIR v1.1.0 constrained ensemble (1001 members; deterministic median)
2011,SSP3,ssp370,0.7972787737719547,0.9660260336162155,1.1280369002116315,-0.2861166564677068,2.1.1,FaIR v1.1.0 constrained ensemble (1001 members; deterministic median)
2012,SSP3,ssp370,0.8236342048809008,0.9953008998145088,1.155156638071846,-0.25684179026941356,2.1.1,FaIR v1.1.0 constrained ensemble (1001 members; deterministic median)
2013,SSP3,ssp370,0.8452965650258889,1.0194654611933625,1.1861606255883252,-0.23267722889055986,2.1.1,FaIR v1.1.0 constrained ensemble (1001 members; deterministic median)
2014,SSP3,ssp370,0.8728655929164966,1.0508249465880717,1.220260534179642,-0.20131774349585063,2.1.1,FaIR v1.1.0 constrained ensemble (1001 members; deterministic median)
2015,SSP3,ssp370,0.889845187518119,1.0742515297790938,1.250514560616798,-0.17789116030482854,2.1.1,FaIR v1.1.0 constrained ensemble (1001 members; deterministic median)
2016,SSP3,ssp370,0.9144336419711749,1.1020705444553072,1.2773734890969846,-0.15007214562861515,2.1.1,FaIR v1.1.0 constrained ensemble (1001 members; deterministic median)
2017,SSP3,ssp370,0.9353602476097461,1.1242465361625555,1.3044684784827216,-0.12789615392136677,2.1.1,FaIR v1.1.0 constrained ensemble (1001 members; deterministic median)
2018,SSP3,ssp370,0.9555627889692132,1.148197019004525,1.3350288007808584,-0.10394567107939734,2.1.1,FaIR v1.1.0 constrained ensemble (1001 members; deterministic median)
2019,SSP3,ssp370,0.9780208731504137,1.1718482133099961,1.3638410758043076,-0.0802944767739262,2.1.1,FaIR v1.1.0 constrained ensemble (1001 members; deterministic median)
2020,SSP3,ssp370,0.9986386884421519,1.1971293943348646,1.3898779709581914,-0.05501329574905767,2.1.1,FaIR v1.1.0 constrained ensemble (1001 members; deterministic median)
2021,SSP3,ssp370,1.0202033106874804,1.2241749841724046,1.4223111566814253,-0.02796770591151776,2.1.1,FaIR v1.1.0 constrained ensemble (1001 members; deterministic median)
2022,SSP3,ssp370,1.0429549248080863,1.2521426900839223,1.4593740143855805,0.0,2.1.1,FaIR v1.1.0 constrained ensemble (1001 members; deterministic median)
2023,SSP3,ssp370,1.066993972779725,1.2835209457479697,1.4981906239469842,0.031378255664047394,2.1.1,FaIR v1.1.0 constrained ensemble (1001 members; deterministic median)
2024,SSP3,ssp370,1.0916816621076446,1.3134491440013452,1.5364339297175351,0.06130645391742284,2.1.1,FaIR v1.1.0 constrained ensemble (1001 members; deterministic median)
2025,SSP3,ssp370,1.1132719536681475,1.342084786684389,1.5695063088548389,0.0899420966004667,2.1.1,FaIR v1.1.0 constrained ensemble (1001 members; deterministic median)
2026,SSP3,ssp370,1.1313020514871412,1.3649277039445293,1.599272317058511,0.11278501386060702,2.1.1,FaIR v1.1.0 constrained ensemble (1001 members; deterministic median)
2027,SSP3,ssp370,1.1470992171508485,1.385884966614759,1.6249876357337907,0.1337422765308367,2.1.1,FaIR v1.1.0 constrained ensemble (1001 members; deterministic median)
2028,SSP3,ssp370,1.1617120462598831,1.4039506904155417,1.6491294108474166,0.15180800033161934,2.1.1,FaIR v1.1.0 constrained ensemble (1001 members; deterministic median)
2029,SSP3,ssp370,1.1749019183700433,1.4230988622241738,1.6727011675814036,0.1709561721402515,2.1.1,FaIR v1.1.0 constrained ensemble (1001 members; deterministic median)
2030,SSP3,ssp370,1.1918931524281646,1.4422113370064276,1.6944519893448025,0.19006864692250525,2.1.1,FaIR v1.1.0 constrained ensemble (1001 members; deterministic median)
2031,SSP3,ssp370,1.2096664964376842,1.4629636054884034,1.7194339299128922,0.2108209154044811,2.1.1,FaIR v1.1.0 constrained ensemble (1001 members; deterministic median)
2032,SSP3,ssp370,1.2280300130044055,1.4870425088648782,1.746715265832911,0.2348998187809559,2.1.1,FaIR v1.1.0 constrained ensemble (1001 members; deterministic median)
2033,SSP3,ssp370,1.2480236165947918,1.5129490389482951,1.7743039560288651,0.2608063488643728,2.1.1,FaIR v1.1.0 constrained ensemble (1001 members; deterministic median)
2034,SSP3,ssp370,1.2707978311492294,1.541481994002264,1.8076325787549823,0.2893393039183416,2.1.1,FaIR v1.1.0 constrained ensemble (1001 members; deterministic median)
2035,SSP3,ssp370,1.2968394203719025,1.5758630220207654,1.8520752178975355,0.32372033193684313,2.1.1,FaIR v1.1.0 constrained ensemble (1001 members; deterministic median)
2036,SSP3,ssp370,1.321477182145719,1.607418757932501,1.8902334195679007,0.3552760678485787,2.1.1,FaIR v1.1.0 constrained ensemble (1001 members; deterministic median)
2037,SSP3,ssp370,1.3480818578683185,1.6390872455802348,1.9290016892139092,0.38694455549631246,2.1.1,FaIR v1.1.0 constrained ensemble (1001 members; deterministic median)
2038,SSP3,ssp370,1.3720629533899464,1.6690677170050405,1.9660739354353658,0.4169250269211182,2.1.1,FaIR v1.1.0 constrained ensemble (1001 members; deterministic median)
2039,SSP3,ssp370,1.392695872330974,1.6989672594861047,2.0040816063220714,0.4468245694021824,2.1.1,FaIR v1.1.0 constrained ensemble (1001 members; deterministic median)
2040,SSP3,ssp370,1.4138985493782525,1.7271662594495698,2.0375868772230445,0.4750235693656475,2.1.1,FaIR v1.1.0 constrained ensemble (1001 members; deterministic median)
2041,SSP3,ssp370,1.4345487880958874,1.7525447577851174,2.0686349446328016,0.5004020677011951,2.1.1,FaIR v1.1.0 constrained ensemble (1001 members; deterministic median)
2042,SSP3,ssp370,1.4544223254426152,1.7767277595946174,2.098496018595609,0.5245850695106951,2.1.1,FaIR v1.1.0 constrained ensemble (1001 members; deterministic median)
2043,SSP3,ssp370,1.4764884242548648,1.8039645739607955,2.131751509142569,0.5518218838768731,2.1.1,FaIR v1.1.0 constrained ensemble (1001 members; deterministic median)
2044,SSP3,ssp370,1.5006744866075652,1.8309517571689733,2.165647868636543,0.578809067085051,2.1.1,FaIR v1.1.0 constrained ensemble (1001 members; deterministic median)
2045,SSP3,ssp370,1.5258362155928094,1.863370471886153,2.2093796725942445,0.6112277818022307,2.1.1,FaIR v1.1.0 constrained ensemble (1001 members; deterministic median)
2046,SSP3,ssp370,1.552386324166531,1.896868827352142,2.253292521608483,0.6447261372682196,2.1.1,FaIR v1.1.0 constrained ensemble (1001 members; deterministic median)
2047,SSP3,ssp370,1.5820964614195048,1.933607264113585,2.294613539075292,0.6814645740296628,2.1.1,FaIR v1.1.0 constrained ensemble (1001 members; deterministic median)
2048,SSP3,ssp370,1.6117760514112713,1.9734470726050173,2.3407736610562315,0.721304382521095,2.1.1,FaIR v1.1.0 constrained ensemble (1001 members; deterministic median)
2049,SSP3,ssp370,1.6388372092346661,2.00816661679372,2.3904764144387878,0.7560239267097979,2.1.1,FaIR v1.1.0 constrained ensemble (1001 members; deterministic median)
2050,SSP3,ssp370,1.6663850165473415,2.0407065345701856,2.4319114928579215,0.7885638444862633,2.1.1,FaIR v1.1.0 constrained ensemble (1001 members; deterministic median)
2051,SSP3,ssp370,1.6854396264995568,2.0683846141943767,2.466821206017171,0.8162419241104544,2.1.1,FaIR v1.1.0 constrained ensemble (1001 members; deterministic median)
2052,SSP3,ssp370,1.7047351087202054,2.0968895245740087,2.5018031954599946,0.8447468344900864,2.1.1,FaIR v1.1.0 constrained ensemble (1001 members; deterministic median)
2053,SSP3,ssp370,1.727143920718844,2.124799138192695,2.5373876868573824,0.8726564481087726,2.1.1,FaIR v1.1.0 constrained ensemble (1001 members; deterministic median)
2054,SSP3,ssp370,1.7466504461437777,2.1522495546063727,2.5760842243670377,0.9001068645224504,2.1.1,FaIR v1.1.0 constrained ensemble (1001 members; deterministic median)
2055,SSP3,ssp370,1.7712069495065224,2.1851834085161514,2.6132650031260134,0.9330407184322291,2.1.1,FaIR v1.1.0 constrained ensemble (1001 members; deterministic median)
2056,SSP3,ssp370,1.7991190303025604,2.219865024242919,2.6584612867268276,0.9677223341589969,2.1.1,FaIR v1.1.0 constrained ensemble (1001 members; deterministic median)
2057,SSP3,ssp370,1.8297225916194126,2.258043278001804,2.7019892396520517,1.0059005879178817,2.1.1,FaIR v1.1.0 constrained ensemble (1001 members; deterministic median)
2058,SSP3,ssp370,1.85845080465977,2.293983427958194,2.749883916215651,1.0418407378742718,2.1.1,FaIR v1.1.0 constrained ensemble (1001 members; deterministic median)
2059,SSP3,ssp370,1.8849501916670393,2.329667253076478,2.7941774205155494,1.0775245629925558,2.1.1,FaIR v1.1.0 constrained ensemble (1001 members; deterministic median)
2060,SSP3,ssp370,1.9137002237072143,2.3663179210447676,2.8387240821113977,1.1141752309608453,2.1.1,FaIR v1.1.0 constrained ensemble (1001 members; deterministic median)
2061,SSP3,ssp370,1.939827647854742,2.399180026145407,2.8840351423255663,1.1470373360614847,2.1.1,FaIR v1.1.0 constrained ensemble (1001 members; deterministic median)
2062,SSP3,ssp370,1.9604937310480606,2.431365315895187,2.930803064392966,1.1792226258112646,2.1.1,FaIR v1.1.0 constrained ensemble (1001 members; deterministic median)
2063,SSP3,ssp370,1.9885794314247272,2.460166026848807,2.9767006662007187,1.2080233367648845,2.1.1,FaIR v1.1.0 constrained ensemble (1001 members; deterministic median)
2064,SSP3,ssp370,2.0165250235709493,2.4927925433281577,3.0167262738049443,1.2406498532442354,2.1.1,FaIR v1.1.0 constrained ensemble (1001 members; deterministic median)
2065,SSP3,ssp370,2.039949585876705,2.5263924944080274,3.0579426843081685,1.274249804324105,2.1.1,FaIR v1.1.0 constrained ensemble (1001 members; deterministic median)
2066,SSP3,ssp370,2.064769326450482,2.5580175387257977,3.1036399068927714,1.3058748486418754,2.1.1,FaIR v1.1.0 constrained ensemble (1001 members; deterministic median)
2067,SSP3,ssp370,2.0928164802948572,2.594606236069881,3.1511543537610622,1.3424635459859589,2.1.1,FaIR v1.1.0 constrained ensemble (1001 members; deterministic median)
2068,SSP3,ssp370,2.1239576826431747,2.6341281945757564,3.199675724600962,1.381985504491834,2.1.1,FaIR v1.1.0 constrained ensemble (1001 members; deterministic median)
2069,SSP3,ssp370,2.1543152964782744,2.673574685222391,3.2483056019397223,1.4214319951384689,2.1.1,FaIR v1.1.0 constrained ensemble (1001 members; deterministic median)
2070,SSP3,ssp370,2.1819030568321836,2.7110027254069875,3.300955918334895,1.4588600353230652,2.1.1,FaIR v1.1.0 constrained ensemble (1001 members; deterministic median)
2071,SSP3,ssp370,2.2116617947540416,2.7457466764629843,3.3441198395359826,1.493603986379062,2.1.1,FaIR v1.1.0 constrained ensemble (1001 members; deterministic median)
2072,SSP3,ssp370,2.2339991276195326,2.778430424336614,3.3896182839446065,1.5262877342526917,2.1.1,FaIR v1.1.0 constrained ensemble (1001 members; deterministic median)
2073,SSP3,ssp370,2.260341788690858,2.810623505653415,3.4356870944363394,1.5584808155694925,2.1.1,FaIR v1.1.0 constrained ensemble (1001 members; deterministic median)
2074,SSP3,ssp370,2.28488957463659,2.8445863131383553,3.483504123929191,1.592443623054433,2.1.1,FaIR v1.1.0 constrained ensemble (1001 members; deterministic median)
2075,SSP3,ssp370,2.3092867928758642,2.877759895692951,3.5309671815993164,1.6256172056090288,2.1.1,FaIR v1.1.0 constrained ensemble (1001 members; deterministic median)
2076,SSP3,ssp370,2.3326133748861975,2.9118361785076483,3.5744836813107184,1.659693488423726,2.1.1,FaIR v1.1.0 constrained ensemble (1001 members; deterministic median)
2077,SSP3,ssp370,2.3570485015037175,2.946279839956238,3.6182083959234754,1.6941371498723157,2.1.1,FaIR v1.1.0 constrained ensemble (1001 members; deterministic median)
2078,SSP3,ssp370,2.386633232708753,2.9828066635741113,3.6633006429047055,1.730663973490189,2.1.1,FaIR v1.1.0 constrained ensemble (1001 members; deterministic median)
2079,SSP3,ssp370,2.4201148813995124,3.0220705830067063,3.7103506667154966,1.769927892922784,2.1.1,FaIR v1.1.0 constrained ensemble (1001 members; deterministic median)
2080,SSP3,ssp370,2.451333853008831,3.062131871294535,3.7585847439339557,1.8099891812106128,2.1.1,FaIR v1.1.0 constrained ensemble (1001 members; deterministic median)
2081,SSP3,ssp370,2.482148146000963,3.102944257527102,3.810388822460098,1.8508015674431795,2.1.1,FaIR v1.1.0 constrained ensemble (1001 members; deterministic median)
2082,SSP3,ssp370,2.5116739495486575,3.142090002049601,3.861920112874194,1.8899473119656787,2.1.1,FaIR v1.1.0 constrained ensemble (1001 members; deterministic median)
2083,SSP3,ssp370,2.5402951084746515,3.180581775347913,3.912218946360526,1.9284390852639908,2.1.1,FaIR v1.1.0 constrained ensemble (1001 members; deterministic median)
2084,SSP3,ssp370,2.5666646037756222,3.2146376934352103,3.9598722570083678,1.962495003351288,2.1.1,FaIR v1.1.0 constrained ensemble (1001 members; deterministic median)
2085,SSP3,ssp370,2.592898605854971,3.250833260542997,4.0087614797786015,1.9986905704590747,2.1.1,FaIR v1.1.0 constrained ensemble (1001 members; deterministic median)
2086,SSP3,ssp370,2.616905732279656,3.2853524261376488,4.058833204135632,2.0332097360537267,2.1.1,FaIR v1.1.0 constrained ensemble (1001 members; deterministic median)
2087,SSP3,ssp370,2.6436124199392728,3.3205500736318587,4.107308231946893,2.068407383547936,2.1.1,FaIR v1.1.0 constrained ensemble (1001 members; deterministic median)
2088,SSP3,ssp370,2.6703354077536905,3.354983406508818,4.157928248953076,2.102840716424896,2.1.1,FaIR v1.1.0 constrained ensemble (1001 members; deterministic median)
2089,SSP3,ssp370,2.693686543154318,3.3917490934174794,4.2113982458788515,2.1396064033335573,2.1.1,FaIR v1.1.0 constrained ensemble (1001 members; deterministic median)
2090,SSP3,ssp370,2.721132609621525,3.4334338520413548,4.269090580314551,2.1812911619574322,2.1.1,FaIR v1.1.0 constrained ensemble (1001 members; deterministic median)
2091,SSP3,ssp370,2.7498008240566354,3.4753761761042723,4.328981629964694,2.2232334860203498,2.1.1,FaIR v1.1.0 constrained ensemble (1001 members; deterministic median)
2092,SSP3,ssp370,2.7820514951922672,3.5193317706843823,4.388918843497033,2.2671890806004598,2.1.1,FaIR v1.1.0 constrained ensemble (1001 members; deterministic median)
2093,SSP3,ssp370,2.815398423664631,3.563382751684504,4.448253318303245,2.3112400616005813,2.1.1,FaIR v1.1.0 constrained ensemble (1001 members; deterministic median)
2094,SSP3,ssp370,2.844927941147531,3.6062787148050504,4.499636756510964,2.354136024721128,2.1.1,FaIR v1.1.0 constrained ensemble (1001 members; deterministic median)
2095,SSP3,ssp370,2.8713659741732163,3.64225545321289,4.544819283902788,2.3901127631289674,2.1.1,FaIR v1.1.0 constrained ensemble (1001 members; deterministic median)
2096,SSP3,ssp370,2.8973222835254666,3.677152153254146,4.587448901172613,2.4250094631702233,2.1.1,FaIR v1.1.0 constrained ensemble (1001 members; deterministic median)
2097,SSP3,ssp370,2.9209969193377603,3.7086203604593955,4.628133251340059,2.456477670375473,2.1.1,FaIR v1.1.0 constrained ensemble (1001 members; deterministic median)
2098,SSP3,ssp370,2.9482841330835594,3.7419239781878746,4.670182037593963,2.489781288103952,2.1.1,FaIR v1.1.0 constrained ensemble (1001 members; deterministic median)
2099,SSP3,ssp370,2.976621834690706,3.776430298938643,4.726116342668034,2.5242876088547206,2.1.1,FaIR v1.1.0 constrained ensemble (1001 members; deterministic median)
2100,SSP3,ssp370,3.0037178247266736,3.81399552935016,4.784408282948639,2.561852839266238,2.1.1,FaIR v1.1.0 constrained ensemble (1001 members; deterministic median)
1750,SSP4,ssp460,-0.07947160555953202,-0.03262765950500483,0.02919768291936217,-1.2902012304771011,2.1.1,FaIR v1.1.0 constrained ensemble (1001 members; deterministic median)
1751,SSP4,ssp460,-0.05079588202487503,-0.00022493299986717924,0.06448163417412171,-1.2577985039719635,2.1.1,FaIR v1.1.0 constrained ensemble (1001 members; deterministic median)
1752,SSP4,ssp460,-0.03243993205576503,0.019238211378237537,0.08644268321987841,-1.2383353595938589,2.1.1,FaIR v1.1.0 constrained ensemble (1001 members; deterministic median)
1753,SSP4,ssp460,-0.026678433216432484,0.027173346890932964,0.09532246233824106,-1.2304002240811633,2.1.1,FaIR v1.1.0 constrained ensemble (1001 members; deterministic median)
1754,SSP4,ssp460,-0.027695878633276952,0.027158835997199388,0.09527321009279911,-1.2304147349748968,2.1.1,FaIR v1.1.0 constrained ensemble (1001 members; deterministic median)
1755,SSP4,ssp460,-0.05987733306293851,-0.007520790462028084,0.06266222767488723,-1.2650943614341243,2.1.1,FaIR v1.1.0 constrained ensemble (1001 members; deterministic median)
1756,SSP4,ssp460,-0.07222183074621218,-0.02073184496692674,0.04879715921893433,-1.278305415939023,2.1.1,FaIR v1.1.0 constrained ensemble (1001 members; deterministic median)
1757,SSP4,ssp460,-0.06593910709808994,-0.014965359187471432,0.053906286926664174,-1.2725389301595678,2.1.1,FaIR v1.1.0 constrained ensemble (1001 members; deterministic median)
1758,SSP4,ssp460,-0.05661983467783669,-0.00557126662277431,0.06070013548315399,-1.2631448375948706,2.1.1,FaIR v1.1.0 constrained ensemble (1001 members; deterministic median)
1759,SSP4,ssp460,-0.04286898728916658,0.0086864676575843,0.07395144200728916,-1.248887103314512,2.1.1,FaIR v1.1.0 constrained ensemble (1001 members; deterministic median)
1760,SSP4,ssp460,-0.028482256063030717,0.023408490055888968,0.09069655202205647,-1.2341650809162072,2.1.1,FaIR v1.1.0 constrained ensemble (1001 members; deterministic median)
1761,SSP4,ssp460,-0.017384243750694556,0.035047975223204554,0.10446134411633959,-1.2225255957488919,2.1.1,FaIR v1.1.0 constrained ensemble (1001 members; deterministic median)
1762,SSP4,ssp460,-0.011752258230912332,0.04283312013318633,0.11274664995128511,-1.21474045083891,2.1.1,FaIR v1.1.0 constrained ensemble (1001 members; deterministic median)
1763,SSP4,ssp460,-0.10752127655330415,-0.04660515709446264,0.028817793372026012,-1.3041787280665589,2.1.1,FaIR v1.1.0 constrained ensemble (1001 members; deterministic median)
1764,SSP4,ssp460,-0.13021092518655625,-0.07615234751618943,-0.003812452338350765,-1.3337259184882857,2.1.1,FaIR v1.1.0 constrained ensemble (1001 members; deterministic median)
1765,SSP4,ssp460,-0.10786748909026078,-0.05369604229419901,0.015066985139631953,-1.3112696132662953,2.1.1,FaIR v1.1.0 constrained ensemble (1001 members; deterministic median)
1766,SSP4,ssp460,-0.08436615128377126,-0.033665628887613784,0.03309299160041964,-1.2912391998597101,2.1.1,FaIR v1.1.0 constrained ensemble (1001 members; deterministic median)
1767,SSP4,ssp460,-0.0675319643604663,-0.019095944486545467,0.04694090418312899,-1.2766695154586418,2.1.1,FaIR v1.1.0 constrained ensemble (1001 members; deterministic median)
1768,SSP4,ssp460,-0.09985485347245324,-0.05209839268757287,0.01185266869263998,-1.3096719636596692,2.1.1,FaIR v1.1.0 constrained ensemble (1001 members; deterministic median)
1769,SSP4,ssp460,-0.09882263729887283,-0.05308056491766275,0.007766901257573192,-1.310654135889759,2.1.1,FaIR v1.1.0 constrained ensemble (1001 members; deterministic median)
1770,SSP4,ssp460,-0.07136772023614821,-0.022891024198895056,0.041130631193627205,-1.2804645951709914,2.1.1,FaIR v1.1.0 constrained ensemble (1001 members; deterministic median)
1771,SSP4,ssp460,-0.043506411615217386,0.006039331964113048,0.07353884191281852,-1.2515342390079833,2.1.1,FaIR v1.1.0 constrained ensemble (1001 members; deterministic median)
1772,SSP4,ssp460,-0.025433767952362338,0.027063855275468313,0.09524496294542895,-1.230509715696628,2.1.1,FaIR v1.1.0 constrained ensemble (1001 members; deterministic median)
1773,SSP4,ssp460,-0.01671390821774351,0.03790213025951448,0.10926546884500456,-1.219671440712582,2.1.1,FaIR v1.1.0 constrained ensemble (1001 members; deterministic median)
1774,SSP4,ssp460,-0.014601311602525854,0.041229661336857154,0.11306811952441645,-1.216343909635239,2.1.1,FaIR v1.1.0 constrained ensemble (1001 members; deterministic median)
1775,SSP4,ssp460,-0.01834733457978259,0.03627846457843605,0.10479763512335381,-1.2212951063936603,2.1.1,FaIR v1.1.0 constrained ensemble (1001 members; deterministic median)
1776,SSP4,ssp460,-0.023483167160208436,0.030524216950220076,0.09885271647987581,-1.2270493540218763,2.1.1,FaIR v1.1.0 constrained ensemble (1001 members; deterministic median)
1777,SSP4,ssp460,-0.02839203529893987,0.026248870661647335,0.09630028557569567,-1.231324700310449,2.1.1,FaIR v1.1.0 constrained ensemble (1001 members; deterministic median)
1778,SSP4,ssp460,-0.029673667566985612,0.023815010603278293,0.09399639816093802,-1.233758560368818,2.1.1,FaIR v1.1.0 constrained ensemble (1001 members; deterministic median)
1779,SSP4,ssp460,-0.02506842334765675,0.02772567548748553,0.09700654487628724,-1.2298478954846108,2.1.1,FaIR v1.1.0 constrained ensemble (1001 members; deterministic median)
1780,SSP4,ssp460,-0.01250416288853795,0.040221633204082854,0.11137060034599654,-1.2173519377680135,2.1.1,FaIR v1.1.0 constrained ensemble (1001 members; deterministic median)
1781,SSP4,ssp460,-0.00033075103758645197,0.05287494337355345,0.12587117911636378,-1.204698627598543,2.1.1,FaIR v1.1.0 constrained ensemble (1001 members; deterministic median)
1782,SSP4,ssp460,0.006174970927009776,0.0621219202240048,0.13599443346376766,-1.1954516507480915,2.1.1,FaIR v1.1.0 constrained ensemble (1001 members; deterministic median)
1783,SSP4,ssp460,0.007711367783412082,0.06457590233472632,0.13967489791989182,-1.19299766863737,2.1.1,FaIR v1.1.0 constrained ensemble (1001 members; deterministic median)
1784,SSP4,ssp460,-0.21470042364765818,-0.12252189376094336,-0.022186681852568127,-1.3800954647330397,2.1.1,FaIR v1.1.0 constrained ensemble (1001 members; deterministic median)
1785,SSP4,ssp460,-0.2678510009793896,-0.18210625957714605,-0.09330309695024355,-1.4396798305492424,2.1.1,FaIR v1.1.0 constrained ensemble (1001 members; deterministic median)
1786,SSP4,ssp460,-0.216245411419642,-0.14145089136594932,-0.06224865558822516,-1.3990244623380457,2.1.1,FaIR v1.1.0 constrained ensemble (1001 members; deterministic median)
1787,SSP4,ssp460,-0.15514445284859713,-0.09025072991908743,-0.017659607100408845,-1.3478243008911837,2.1.1,FaIR v1.1.0 constrained ensemble (1001 members; deterministic median)
1788,SSP4,ssp460,-0.11134987627146606,-0.05432307258011873,0.011136043190126633,-1.311896643552215,2.1.1,FaIR v1.1.0 constrained ensemble (1001 members; deterministic median)
1789,SSP4,ssp460,-0.0740169438606637,-0.024720695290656867,0.03413566724279654,-1.2822942662627532,2.1.1,FaIR v1.1.0 constrained ensemble (1001 members; deterministic median)
1790,SSP4,ssp460,-0.043604923440222564,0.005669493510756889,0.0671582365076538,-1.2519040774613395,2.1.1,FaIR v1.1.0 constrained ensemble (1001 members; deterministic median)
1791,SSP4,ssp460,-0.022399216116992332,0.0276856538313508,0.0932034439483643,-1.2298879171407455,2.1.1,FaIR v1.1.0 constrained ensemble (1001 members; deterministic median)
1792,SSP4,ssp460,-0.009241911846948794,0.04355303947163339,0.11254466189653747,-1.2140205315004629,2.1.1,FaIR v1.1.0 constrained ensemble (1001 members; deterministic median)
1793,SSP4,ssp460,-0.001721377212674513,0.05225722737281828,0.12412623938104532,-1.205316343599278,2.1.1,FaIR v1.1.0 constrained ensemble (1001 members; deterministic median)
1794,SSP4,ssp460,-2.2465388129541686e-05,0.05547462490371512,0.12800398666277224,-1.2020989460683813,2.1.1,FaIR v1.1.0 constrained ensemble (1001 members; deterministic median)
1795,SSP4,ssp460,-0.002146362338212318,0.05088466388627366,0.12190775008792831,-1.2066889070858227,2.1.1,FaIR v1.1.0 constrained ensemble (1001 members; deterministic median)
1796,SSP4,ssp460,-0.023121133934414936,0.02753569963287634,0.09548833677334695,-1.23003787133922,2.1.1,FaIR v1.1.0 constrained ensemble (1001 members; deterministic median)
1797,SSP4,ssp460,-0.03341844876789314,0.0171170499039677,0.08505531098853095,-1.2404565210681286,2.1.1,FaIR v1.1.0 constrained ensemble (1001 members; deterministic median)
1798,SSP4,ssp460,-0.03359817272693036,0.01550042576413501,0.08145709820413134,-1.2420731452079614,2.1.1,FaIR v1.1.0 constrained ensemble (1001 members; deterministic median)
1799,SSP4,ssp460,-0.032819461831244165,0.015001579216677725,0.07698230012394267,-1.2425719917554185,2.1.1,FaIR v1.1.0 constrained ensemble (1001 members; deterministic median)
1800,SSP4,ssp460,-0.03125018822409828,0.016274388652063924,0.0789271171421454,-1.2412991823200323,2.1.1,FaIR v1.1.0 constrained ensemble (1001 members; deterministic median)
1801,SSP4,ssp460,-0.028196188498452734,0.019294437591836168,0.08319272967691982,-1.23827913338026,2.1.1,FaIR v1.1.0 constrained ensemble (1001 members; deterministic median)
1802,SSP4,ssp460,-0.021930509955679862,0.026130101286973764,0.0916207212027509,-1.2314434696851226,2.1.1,FaIR v1.1.0 constrained ensemble (1001 members; deterministic median)
1803,SSP4,ssp460,-0.014589215048247,0.03400689753040512,0.10038650552504225,-1.2235666734416912,2.1.1,FaIR v1.1.0 constrained ensemble (1001 members; deterministic median)
1804,SSP4,ssp460,-0.007668510929948455,0.04229671014177132,0.1097836667715091,-1.215276860830325,2.1.1,FaIR v1.1.0 constrained ensemble (1001 members; deterministic median)
1805,SSP4,ssp460,-0.003852738403434461,0.047883702190986976,0.117374535913766,-1.2096898687811093,2.1.1,FaIR v1.1.0 constrained ensemble (1001 members; deterministic median)
1806,SSP4,ssp460,-0.0020936025309677836,0.04931022462800365,0.11936591604350559,-1.2082633463440926,2.1.1,FaIR v1.1.0 constrained ensemble (1001 members; deterministic median)
1807,SSP4,ssp460,-0.002024813158788774,0.04933228847905617,0.11955818583262626,-1.2082412824930402,2.1.1,FaIR v1.1.0 constrained ensemble (1001 members; deterministic median)
1808,SSP4,ssp460,-0.004165248060123167,0.04734137811647385,0.11614349059562254,-1.2102321928556226,2.1.1,FaIR v1.1.0 constrained ensemble (1001 members; deterministic median)
1809,SSP4,ssp460,-0.008009377605912318,0.041455921258200426,0.10710589531429836,-1.216117649713896,2.1.1,FaIR v1.1.0 constrained ensemble (1001 members; deterministic median)
1810,SSP4,ssp460,-0.3795501350014984,-0.2447187400785102,-0.1185149783946286,-1.5022923110506066,2.1.1,FaIR v1.1.0 constrained ensemble (1001 members; deterministic median)
1811,SSP4,ssp460,-0.46435799459565497,-0.33387943206988857,-0.21681831703314186,-1.591453003041985,2.1.1,FaIR v1.1.0 constrained ensemble (1001 members; deterministic median)
1812,SSP4,ssp460,-0.3766404521106772,-0.2590545458856043,-0.15535635928684305,-1.5166281168577007,2.1.1,FaIR v1.1.0 constrained ensemble (1001 members; deterministic median)
1813,SSP4,ssp460,-0.2685623360779876,-0.16960400811112833,-0.08258685052133766,-1.4271775790832246,2.1.1,FaIR v1.1.0 constrained ensemble (1001 members; deterministic median)
1814,SSP4,ssp460,-0.18680319359279096,-0.10922535622809418,-0.03511900289243573,-1.3667989272001906,2.1.1,FaIR v1.1.0 constrained ensemble (1001 members; deterministic median)
1815,SSP4,ssp460,-0.13188932354496608,-0.07143586631835001,-0.009857525419318591,-1.3290094372904464,2.1.1,FaIR v1.1.0 constrained ensemble (1001 members; deterministic median)
1816,SSP4,ssp460,-0.830233481074423,-0.5731360164663409,-0.3575612926400308,-1.8307095874384371,2.1.1,FaIR v1.1.0 constrained ensemble (1001 members; deterministic median)
1817,SSP4,ssp460,-1.0160917110568761,-0.7462461481983127,-0.5217993542654696,-2.003819719170409,2.1.1,FaIR v1.1.0 constrained ensemble (1001 members; deterministic median)
1818,SSP4,ssp460,-0.831019777095295,-0.5850608925762952,-0.38627012054858967,-1.8426344635483916,2.1.1,FaIR v1.1.0 constrained ensemble (1001 members; deterministic median)
1819,SSP4,ssp460,-0.622160941105343,-0.4000128052986497,-0.23908426301403404,-1.657586376270746,2.1.1,FaIR v1.1.0 constrained ensemble (1001 members; deterministic median)
1820,SSP4,ssp460,-0.45909999782216765,-0.2757172561126474,-0.15279638388582337,-1.5332908270847438,2.1.1,FaIR v1.1.0 constrained ensemble (1001 members; deterministic median)
1821,SSP4,ssp460,-0.34005199429312977,-0.20010216747139134,-0.1065688535139797,-1.4576757384434877,2.1.1,FaIR v1.1.0 constrained ensemble (1001 members; deterministic median)
1822,SSP4,ssp460,-0.2656487925637221,-0.15520994273847857,-0.07870289941352017,-1.4127835137105749,2.1.1,FaIR v1.1.0 constrained ensemble (1001 members; deterministic median)
1823,SSP4,ssp460,-0.24299694353739826,-0.14569758273210778,-0.08166211122228484,-1.4032711537042042,2.1.1,FaIR v1.1.0 constrained ensemble (1001 members; deterministic median)
1824,SSP4,ssp460,-0.21529963562607346,-0.12799567599867806,-0.07152409851549596,-1.3855692469707743,2.1.1,FaIR v1.1.0 constrained ensemble (1001 members; deterministic median)
1825,SSP4,ssp460,-0.17951049124030943,-0.10419155062746002,-0.05076882156687146,-1.3617651215995563,2.1.1,FaIR v1.1.0 constrained ensemble (1001 members; deterministic median)
1826,SSP4,ssp460,-0.145256323834907,-0.08013589552573339,-0.029973516387680296,-1.3377094664978297,2.1.1,FaIR v1.1.0 constrained ensemble (1001 members; deterministic median)
1827,SSP4,ssp460,-0.11574288739092514,-0.057939216474495084,-0.00513171933202828,-1.3155127874465915,2.1.1,FaIR v1.1.0 constrained ensemble (1001 members; deterministic median)
1828,SSP4,ssp460,-0.09469620441447137,-0.038956308366301255,0.013820123618563739,-1.2965298793383975,2.1.1,FaIR v1.1.0 constrained ensemble (1001 members; deterministic median)
1829,SSP4,ssp460,-0.07760780461054943,-0.026277396185335665,0.023320783613322398,-1.283850967157432,2.1.1,FaIR v1.1.0 constrained ensemble (1001 members; deterministic median)
1830,SSP4,ssp460,-0.06368804732294364,-0.016446251746547604,0.03321560453836831,-1.274019822718644,2.1.1,FaIR v1.1.0 constrained ensemble (1001 members; deterministic median)
1831,SSP4,ssp460,-0.05467971887053458,-0.011113835203871367,0.03875359427393656,-1.2686874061759676,2.1.1,FaIR v1.1.0 constrained ensemble (1001 members; deterministic median)
1832,SSP4,ssp460,-0.4347905938319729,-0.2938590614651492,-0.16523639445461824,-1.5514326324372454,2.1.1,FaIR v1.1.0 constrained ensemble (1001 members; deterministic median)
1833,SSP4,ssp460,-0.5179901812949433,-0.3828606757909218,-0.27163534369313946,-1.6404342467630182,2.1.1,FaIR v1.1.0 constrained ensemble (1001 members; deterministic median)
1834,SSP4,ssp460,-0.42316531771765026,-0.305552196245922,-0.20470406069412894,-1.5631257672180183,2.1.1,FaIR v1.1.0 constrained ensemble (1001 members; deterministic median)
1835,SSP4,ssp460,-0.31555910678633453,-0.21308453837686783,-0.1395656340897154,-1.4706581093489641,2.1.1,FaIR v1.1.0 constrained ensemble (1001 members; deterministic median)
1836,SSP4,ssp460,-0.32714486946246407,-0.24012478185911926,-0.17181651068822582,-1.4976983528312156,2.1.1,FaIR v1.1.0 constrained ensemble (1001 members; deterministic median)
1837,SSP4,ssp460,-0.30004422993115304,-0.2173247968723674,-0.1526640591085678,-1.4748983678444638,2.1.1,FaIR v1.1.0 constrained ensemble (1001 members; deterministic median)
1838,SSP4,ssp460,-0.2276596791716552,-0.1513499204581672,-0.09555570502892732,-1.4089234914302635,2.1.1,FaIR v1.1.0 constrained ensemble (1001 members; deterministic median)
1839,SSP4,ssp460,-0.16457673213402144,-0.09597412231280142,-0.04932362619143858,-1.3535476932848978,2.1.1,FaIR v1.1.0 constrained ensemble (1001 members; deterministic median)
1840,SSP4,ssp460,-0.11936542776486517,-0.06105176525423988,-0.018793477607234443,-1.3186253362263363,2.1.1,FaIR v1.1.0 constrained ensemble (1001 members; deterministic median)
1841,SSP4,ssp460,-0.09190963192551592,-0.039545891295508145,0.0007554226749036537,-1.2971194622676046,2.1.1,FaIR v1.1.0 constrained ensemble (1001 members; deterministic median)
1842,SSP4,ssp460,-0.0736129589074204,-0.028511860690358236,0.011113270576091284,-1.2860854316624546,2.1.1,FaIR v1.1.0 constrained ensemble (1001 members; deterministic median)
1843,SSP4,ssp460,-0.06355432576581194,-0.023176153250448986,0.01562954237561174,-1.2807497242225454,2.1.1,FaIR v1.1.0 constrained ensemble (1001 members; deterministic median)
1844,SSP4,ssp460,-0.05713299063114071,-0.02034261251951118,0.01759528870414622,-1.2779161834916075,2.1.1,FaIR v1.1.0 constrained ensemble (1001 members; deterministic median)
1845,SSP4,ssp460,-0.0791548662428796,-0.04107457025724192,-0.005350148808233687,-1.2986481412293382,2.1.1,FaIR v1.1.0 constrained ensemble (1001 members; deterministic median)
1846,SSP4,ssp460,-0.0801043497851265,-0.047485753050647825,-0.015386967181312073,-1.3050593240227442,2.1.1,FaIR v1.1.0 constrained ensemble (1001 members; deterministic median)
1847,SSP4,ssp460,-0.06487387179189429,-0.03615046402073185,-0.006301727582321736,-1.293724034992828,2.1.1,FaIR v1.1.0 constrained ensemble (1001 members; deterministic median)
1848,SSP4,ssp460,-0.05056648214056436,-0.024527194532000862,0.0034329355916365833,-1.2821007655040972,2.1.1,FaIR v1.1.0 constrained ensemble (1001 members; deterministic median)
1849,SSP4,ssp460,-0.03913095780317764,-0.014986806087728677,0.010755864429990013,-1.272560377059825,2.1.1,FaIR v1.1.0 constrained ensemble (1001 members; deterministic median)
1850,SSP4,ssp460,-0.028837796144352692,-0.0054379891135899056,0.01997346329650499,-1.2630115600856862,2.1.1,FaIR v1.1.0 constrained ensemble (1001 members; deterministic median)
1851,SSP4,ssp460,-0.020781466403475377,0.002294549878137219,0.02805228604940354,-1.255279021093959,2.1.1,FaIR v1.1.0 constrained ensemble (1001 members; deterministic median)
1852,SSP4,ssp460,-0.014365907300523777,0.009268673347428681,0.03572547024840928,-1.2483048976246676,2.1.1,FaIR v1.1.0 constrained ensemble (1001 members; deterministic median)
1853,SSP4,ssp460,-0.009203061727846098,0.015040193401955726,0.042265838537040606,-1.2425333775701406,2.1.1,FaIR v1.1.0 constrained ensemble (1001 members; deterministic median)
1854,SSP4,ssp460,-0.006232524805628261,0.018223785211145774,0.04661737055608563,-1.2393497857609506,2.1.1,FaIR v1.1.0 constrained ensemble (1001 members; deterministic median)
1855,SSP4,ssp460,-0.0057067025338216545,0.016787574474089156,0.04399765474942451,-1.2407859964980072,2.1.1,FaIR v1.1.0 constrained ensemble (1001 members; deterministic median)
1856,SSP4,ssp460,-0.04114259667482685,-0.016329111425994178,0.011598476984105599,-1.2739026823980906,2.1.1,FaIR v1.1.0 constrained ensemble (1001 members; deterministic median)
1857,SSP4,ssp460,-0.04508468357390953,-0.02496475019397963,-0.001884441708996952,-1.282538321166076,2.1.1,FaIR v1.1.0 constrained ensemble (1001 members; deterministic median)
1858,SSP4,ssp460,-0.030664718140093007,-0.014106511852711667,0.004693229865378269,-1.271680082824808,2.1.1,FaIR v1.1.0 constrained ensemble (1001 members; deterministic median)
1859,SSP4,ssp460,-0.01635410252859304,-0.0006489755979106858,0.0166224637256388,-1.258222546570007,2.1.1,FaIR v1.1.0 constrained ensemble (1001 members; deterministic median)
1860,SSP4,ssp460,-0.0043331835706576505,0.011152332740673964,0.028318682689244288,-1.2464212382314224,2.1.1,FaIR v1.1.0 constrained ensemble (1001 members; deterministic median)
1861,SSP4,ssp460,0.0038257321361051394,0.02010887348202361,0.038418196695911816,-1.2374646974900727,2.1.1,FaIR v1.1.0 constrained ensemble (1001 members; deterministic median)
1862,SSP4,ssp460,-0.0005554934146173515,0.015770933827549207,0.033324534345811646,-1.2418026371445472,2.1.1,FaIR v1.1.0 constrained ensemble (1001 members; deterministic median)
1863,SSP4,ssp460,-0.004885416240805351,0.010641900606804873,0.02747743711851084,-1.2469316703652915,2.1.1,FaIR v1.1.0 constrained ensemble (1001 members; deterministic median)
1864,SSP4,ssp460,-0.08579255164356092,-0.054877708446330505,-0.02320459561052009,-1.3124512794184269,2.1.1,FaIR v1.1.0 constrained ensemble (1001 members; deterministic median)
1865,SSP4,ssp460,-0.09494230246300818,-0.06810985658686064,-0.04321770311472845,-1.3256834275589569,2.1.1,FaIR v1.1.0 constrained ensemble (1001 members; deterministic median)
1866,SSP4,ssp460,-0.06715697223647532,-0.045417441807009115,-0.02497923095577033,-1.3029910127791053,2.1.1,FaIR v1.1.0 constrained ensemble (1001 members; deterministic median)
1867,SSP4,ssp460,-0.03909083918790442,-0.020994268098546293,-0.0054068481409836186,-1.2785678390706425,2.1.1,FaIR v1.1.0 constrained ensemble (1001 members; deterministic median)
1868,SSP4,ssp460,-0.01860273111758783,-0.006572303672886774,0.00548298157744357,-1.2641458746449832,2.1.1,FaIR v1.1.0 constrained ensemble (1001 members; deterministic median)
1869,SSP4,ssp460,-0.005878647042807099,0.002810643935124049,0.013619003007447578,-1.2547629270369722,2.1.1,FaIR v1.1.0 constrained ensemble (1001 members; deterministic median)
1870,SSP4,ssp460,0.004397039551230695,0.013082241290857187,0.024375796371200777,-1.2444913296812392,2.1.1,FaIR v1.1.0 constrained ensemble (1001 members; deterministic median)
1871,SSP4,ssp460,0.010268208436851167,0.019382251231409194,0.031630929692867925,-1.238191319740687,2.1.1,FaIR v1.1.0 constrained ensemble (1001 members; deterministic median)
1872,SSP4,ssp460,0.01668614511367815,0.02711887656516089,0.04071856284602785,-1.2304546944069354,2.1.1,FaIR v1.1.0 constrained ensemble (1001 members; deterministic median)
1873,SSP4,ssp460,0.020213719666181885,0.0326160485415559,0.04765540802823115,-1.2249575224305405,2.1.1,FaIR v1.1.0 constrained ensemble (1001 members; deterministic median)
1874,SSP4,ssp460,0.014397509713915686,0.02498476653659635,0.038443956903795574,-1.2325888044355,2.1.1,FaIR v1.1.0 constrained ensemble (1001 members; deterministic median)
1875,SSP4,ssp460,0.018275738603499958,0.028243544708204605,0.0413097628750218,-1.2293300262638918,2.1.1,FaIR v1.1.0 constrained ensemble (1001 members; deterministic median)
1876,SSP4,ssp460,0.02063893232439032,0.03172999088184701,0.045648936355776965,-1.2258435800902494,2.1.1,FaIR v1.1.0 constrained ensemble (1001 members; deterministic median)
1877,SSP4,ssp460,0.019430166989682137,0.03074634050119461,0.044818120708670674,-1.2268272304709018,2.1.1,FaIR v1.1.0 constrained ensemble (1001 members; deterministic median)
1878,SSP4,ssp460,0.019611513867524674,0.030785958557464008,0.044886113583337495,-1.2267876124146324,2.1.1,FaIR v1.1.0 constrained ensemble (1001 members; deterministic median)
1879,SSP4,ssp460,0.019753285582701244,0.031682763662708203,0.046199080215014066,-1.2258908073093882,2.1.1,FaIR v1.1.0 constrained ensemble (1001 members; deterministic median)
1880,SSP4,ssp460,0.01951293331214718,0.031845599368928,0.046926829746555265,-1.2257279716031684,2.1.1,FaIR v1.1.0 constrained ensemble (1001 members; deterministic median)
1881,SSP4,ssp460,0.01898291101032057,0.030811268719038776,0.044978331005406706,-1.2267623022530576,2.1.1,FaIR v1.1.0 constrained ensemble (1001 members; deterministic median)
1882,SSP4,ssp460,0.022164527917425146,0.033175329147460894,0.04756797227267044,-1.2243982418246355,2.1.1,FaIR v1.1.0 constrained ensemble (1001 members; deterministic median)
1883,SSP4,ssp460,0.027146756017329368,0.03929559098690273,0.054890845464200935,-1.2182779799851935,2.1.1,FaIR v1.1.0 constrained ensemble (1001 members; deterministic median)
1884,SSP4,ssp460,-0.011467807111915765,0.002270480157772682,0.018458635107238715,-1.2553030908143237,2.1.1,FaIR v1.1.0 constrained ensemble (1001 members; deterministic median)
1885,SSP4,ssp460,-0.21321797049355584,-0.1409501152552904,-0.07670651890271696,-1.3985236862273867,2.1.1,FaIR v1.1.0 constrained ensemble (1001 members; deterministic median)
1886,SSP4,ssp460,-0.21106946486766787,-0.14440958916454869,-0.08985854198667026,-1.401983160136645,2.1.1,FaIR v1.1.0 constrained ensemble (1001 members; deterministic median)
1887,SSP4,ssp460,-0.15722928995990648,-0.09605054119770645,-0.04895148742497169,-1.3536241121698027,2.1.1,FaIR v1.1.0 constrained ensemble (1001 members; deterministic median)
1888,SSP4,ssp460,-0.1165549794614946,-0.06213639455495155,-0.02527838317277118,-1.319709965527048,2.1.1,FaIR v1.1.0 constrained ensemble (1001 members; deterministic median)
1889,SSP4,ssp460,-0.07818841091134907,-0.03382166985730085,-0.0034669946868202683,-1.2913952408293972,2.1.1,FaIR v1.1.0 constrained ensemble (1001 members; deterministic median)
1890,SSP4,ssp460,-0.046174433641048125,-0.011226253026530608,0.014970129446122839,-1.268799823998627,2.1.1,FaIR v1.1.0 constrained ensemble (1001 members; deterministic median)
1891,SSP4,ssp460,-0.04271927688212969,-0.012416798917141612,0.011470691268256741,-1.2699903698892379,2.1.1,FaIR v1.1.0 constrained ensemble (1001 members; deterministic median)
1892,SSP4,ssp460,-0.04611781295466317,-0.01917602452971498,0.0029250858141244007,-1.2767495955018113,2.1.1,FaIR v1.1.0 constrained ensemble (1001 members; deterministic median)
1893,SSP4,ssp460,-0.04114071422503392,-0.014872918677826273,0.006766907826601241,-1.2724464896499226,2.1.1,FaIR v1.1.0 constrained ensemble (1001 members; deterministic median)
1894,SSP4,ssp460,-0.018682388220329575,0.005820984320909262,0.027556057668419384,-1.2517525866511872,2.1.1,FaIR v1.1.0 constrained ensemble (1001 members; deterministic median)
1895,SSP4,ssp460,-0.0015550509108592202,0.024857315084362015,0.047915121506285865,-1.2327162558877343,2.1.1,FaIR v1.1.0 constrained ensemble (1001 members; deterministic median)
1896,SSP4,ssp460,0.010348783216103597,0.03618595014932859,0.05992055289330061,-1.2213876208227676,2.1.1,FaIR v1.1.0 constrained ensemble (1001 members; deterministic median)
1897,SSP4,ssp460,0.0182384818894584,0.042819765404668766,0.06502027815768292,-1.2147538055674276,2.1.1,FaIR v1.1.0 constrained ensemble (1001 members; deterministic median)
1898,SSP4,ssp460,0.019549008511963402,0.04433225544287683,0.06680860295353863,-1.2132413155292194,2.1.1,FaIR v1.1.0 constrained ensemble (1001 members; deterministic median)
1899,SSP4,ssp460,0.019859335523100534,0.04561926288739339,0.0685353473442288,-1.2119543080847028,2.1.1,FaIR v1.1.0 constrained ensemble (1001 members; deterministic median)
1900,SSP4,ssp460,0.017357531123542547,0.04394421972086697,0.06839161909051696,-1.2136293512512293,2.1.1,FaIR v1.1.0 constrained ensemble (1001 members; deterministic median)
1901,SSP4,ssp460,0.014917388124253032,0.04329649385626534,0.06924328796809848,-1.2142770771158309,2.1.1,FaIR v1.1.0 constrained ensemble (1001 members; deterministic median)
1902,SSP4,ssp460,0.014076287097383323,0.04315195033095208,0.07063534782157127,-1.2144216206411442,2.1.1,FaIR v1.1.0 constrained ensemble (1001 members; deterministic median)
1903,SSP4,ssp460,-0.007162609380677965,0.025926885261659052,0.05465395015874262,-1.2316466857104373,2.1.1,FaIR v1.1.0 constrained ensemble (1001 members; deterministic median)
1904,SSP4,ssp460,-0.08410158088003838,-0.038654669773158096,0.00019106127850058996,-1.2962282407452543,2.1.1,FaIR v1.1.0 constrained ensemble (1001 members; deterministic median)
1905,SSP4,ssp460,-0.08451462000889093,-0.0386962358679946,0.0015725214017483918,-1.2962698068400909,2.1.1,FaIR v1.1.0 constrained ensemble (1001 members; deterministic median)
1906,SSP4,ssp460,-0.05545358136128881,-0.010353281983781812,0.031880826905399826,-1.267926852955878,2.1.1,FaIR v1.1.0 constrained ensemble (1001 members; deterministic median)
1907,SSP4,ssp460,-0.027667380699374088,0.016644453958357473,0.057980824050295116,-1.2409291170137389,2.1.1,FaIR v1.1.0 constrained ensemble (1001 members; deterministic median)
1908,SSP4,ssp460,-0.03219790152269594,0.01355756737402393,0.05633841853500059,-1.2440160035980723,2.1.1,FaIR v1.1.0 constrained ensemble (1001 members; deterministic median)
1909,SSP4,ssp460,-0.023690179254448614,0.023385384069716634,0.06761336928441126,-1.2341881869023796,2.1.1,FaIR v1.1.0 constrained ensemble (1001 members; deterministic median)
1910,SSP4,ssp460,-0.0153206464602978,0.03371440963449331,0.07849558008089347,-1.223859161337603,2.1.1,FaIR v1.1.0 constrained ensemble (1001 members; deterministic median)
1911,SSP4,ssp460,-0.01397445215549816,0.03639854894072417,0.08454856561011971,-1.2211750220313722,2.1.1,FaIR v1.1.0 constrained ensemble (1001 members; deterministic median)
1912,SSP4,ssp460,-0.013716226723772781,0.039015545122554465,0.08670662404768104,-1.2185580258495419,2.1.1,FaIR v1.1.0 constrained ensemble (1001 members; deterministic median)
1913,SSP4,ssp460,-0.06585981522623237,-0.006765988959924127,0.04440492378259747,-1.2643395599320204,2.1.1,FaIR v1.1.0 constrained ensemble (1001 members; deterministic median)
1914,SSP4,ssp460,-0.08949629295774289,-0.02797353871399713,0.02771264514079992,-1.2855471096860935,2.1.1,FaIR v1.1.0 constrained ensemble (1001 members; deterministic median)
1915,SSP4,ssp460,-0.07511837522863332,-0.011484518048113505,0.047082928241441446,-1.26905808902021,2.1.1,FaIR v1.1.0 constrained ensemble (1001 members; deterministic median)
1916,SSP4,ssp460,-0.03869019385701262,0.020219766417573108,0.07752226887721851,-1.2373538045545232,2.1.1,FaIR v1.1.0 constrained ensemble (1001 members; deterministic median)
1917,SSP4,ssp460,-0.016804512230883993,0.04217021014467612,0.09919635439695203,-1.2154033608274202,2.1.1,FaIR v1.1.0 constrained ensemble (1001 members; deterministic median)
1918,SSP4,ssp460,-0.0038366169371309433,0.05649777402038645,0.1151165499786999,-1.2010757969517099,2.1.1,FaIR v1.1.0 constrained ensemble (1001 members; deterministic median)
1919,SSP4,ssp460,0.006762189321997639,0.0668464967858742,0.12589657040948257,-1.1907270741862221,2.1.1,FaIR v1.1.0 constrained ensemble (1001 members; deterministic median)
1920,SSP4,ssp460,0.01852041849720249,0.07626760669461864,0.13174907488398213,-1.1813059642774777,2.1.1,FaIR v1.1.0 constrained ensemble (1001 members; deterministic median)
1921,SSP4,ssp460,0.0189609778056782,0.07628573228111257,0.13222001479553058,-1.1812878386909837,2.1.1,FaIR v1.1.0 constrained ensemble (1001 members; deterministic median)
1922,SSP4,ssp460,0.027989874169284605,0.08286403204821935,0.134687113454516,-1.174709538923877,2.1.1,FaIR v1.1.0 constrained ensemble (1001 members; deterministic median)
1923,SSP4,ssp460,0.02137349160829405,0.07506315545813771,0.12551737427503298,-1.1825104155139585,2.1.1,FaIR v1.1.0 constrained ensemble (1001 members; deterministic median)
1924,SSP4,ssp460,0.012297675968177092,0.06974989961595866,0.12285357373000676,-1.1878236713561376,2.1.1,FaIR v1.1.0 constrained ensemble (1001 members; deterministic median)
1925,SSP4,ssp460,0.01931981210881015,0.07701197554595446,0.13178369447071445,-1.180561595426142,2.1.1,FaIR v1.1.0 constrained ensemble (1001 members; deterministic median)
1926,SSP4,ssp460,0.02744408520527888,0.08609177866923802,0.14065688128651713,-1.1714817923028582,2.1.1,FaIR v1.1.0 constrained ensemble (1001 members; deterministic median)
1927,SSP4,ssp460,0.03898861683096889,0.09742805429538562,0.15153172232653445,-1.1601455166767107,2.1.1,FaIR v1.1.0 constrained ensemble (1001 members; deterministic median)
1928,SSP4,ssp460,0.04608434389940253,0.10576698906660262,0.16106976143519608,-1.1518065819054937,2.1.1,FaIR v1.1.0 constrained ensemble (1001 members; deterministic median)
1929,SSP4,ssp460,0.04752139815962904,0.10729922253243707,0.1641401820504507,-1.1502743484396594,2.1.1,FaIR v1.1.0 constrained ensemble (1001 members; deterministic median)
1930,SSP4,ssp460,0.029402310826143224,0.09153487498207925,0.15067332261277877,-1.166038695990017,2.1.1,FaIR v1.1.0 constrained ensemble (1001 members; deterministic median)
1931,SSP4,ssp460,0.04314891464589962,0.10287226915635163,0.16169540259427578,-1.1547013018157446,2.1.1,FaIR v1.1.0 constrained ensemble (1001 members; deterministic median)
1932,SSP4,ssp460,0.06043340023620242,0.1164945789653404,0.17283652458277474,-1.1410789920067559,2.1.1,FaIR v1.1.0 constrained ensemble (1001 members; deterministic median)
1933,SSP4,ssp460,0.058450977858577766,0.11229751777500156,0.1660890286026318,-1.1452760531970947,2.1.1,FaIR v1.1.0 constrained ensemble (1001 members; deterministic median)
1934,SSP4,ssp460,0.06860507392704646,0.12051206069310827,0.17285018872589336,-1.137061510278988,2.1.1,FaIR v1.1.0 constrained ensemble (1001 members; deterministic median)
1935,SSP4,ssp460,0.0732875884351489,0.12685435446045096,0.18097834001045993,-1.1307192165116453,2.1.1,FaIR v1.1.0 constrained ensemble (1001 members; deterministic median)
1936,SSP4,ssp460,0.07851319979430925,0.1339458812412696,0.18965166410620896,-1.1236276897308266,2.1.1,FaIR v1.1.0 constrained ensemble (1001 members; deterministic median)
1937,SSP4,ssp460,0.08506030758410649,0.14350433888776376,0.2018553689287589,-1.1140692320843326,2.1.1,FaIR v1.1.0 constrained ensemble (1001 members; deterministic median)
1938,SSP4,ssp460,0.08993066013941486,0.14918198552348033,0.21036922433128452,-1.108391585448616,2.1.1,FaIR v1.1.0 constrained ensemble (1001 members; deterministic median)
1939,SSP4,ssp460,0.0988217157006084,0.1576834679742206,0.2185581596957532,-1.0998901029978758,2.1.1,FaIR v1.1.0 constrained ensemble (1001 members; deterministic median)
1940,SSP4,ssp460,0.10001320555309462,0.16036893083845055,0.22331703957599522,-1.0972046401336457,2.1.1,FaIR v1.1.0 constrained ensemble (1001 members; deterministic median)
1941,SSP4,ssp460,0.09617528912891352,0.15935761514815483,0.22341293526813238,-1.0982159558239415,2.1.1,FaIR v1.1.0 constrained ensemble (1001 members; deterministic median)
1942,SSP4,ssp460,0.09143365186778335,0.15765749437915144,0.22307845209420485,-1.0999160765929448,2.1.1,FaIR v1.1.0 constrained ensemble (1001 members; deterministic median)
1943,SSP4,ssp460,0.0858467667644695,0.15407187326937494,0.2217476976239502,-1.1035016977027214,2.1.1,FaIR v1.1.0 constrained ensemble (1001 members; deterministic median)
1944,SSP4,ssp460,0.08218739782331477,0.15171434404120904,0.22026588563454313,-1.1058592269308873,2.1.1,FaIR v1.1.0 constrained ensemble (1001 members; deterministic median)
1945,SSP4,ssp460,0.08460262371344887,0.1538712117626678,0.22359447821142606,-1.1037023592094286,2.1.1,FaIR v1.1.0 constrained ensemble (1001 members; deterministic median)
1946,SSP4,ssp460,0.10123458989239595,0.16743810100596593,0.2349695594254629,-1.0901354699661303,2.1.1,FaIR v1.1.0 constrained ensemble (1001 members; deterministic median)
1947,SSP4,ssp460,0.11846902452195618,0.18125824083776704,0.2474790492886945,-1.0763153301343293,2.1.1,FaIR v1.1.0 constrained ensemble (1001 members; deterministic median)
1948,SSP4,ssp460,0.1288148900146726,0.19262964671913896,0.26008058239113485,-1.0649439242529573,2.1.1,FaIR v1.1.0 constrained ensemble (1001 members; deterministic median)
1949,SSP4,ssp460,0.13533634166189143,0.201623300346522,0.27035272923833176,-1.0559502706255743,2.1.1,FaIR v1.1.0 constrained ensemble (1001 members; deterministic median)
1950,SSP4,ssp460,0.1416158431860851,0.20829103257133913,0.2774505844250811,-1.0492825384007571,2.1.1,FaIR v1.1.0 constrained ensemble (1001 members; deterministic median)
1951,SSP4,ssp460,0.13347743223998082,0.20421541591223716,0.27678633403597774,-1.0533581550598592,2.1.1,FaIR v1.1.0 constrained ensemble (1001 members; deterministic median)
1952,SSP4,ssp460,0.13008246044015995,0.2018997064246562,0.2749634102042203,-1.0556738645474402,2.1.1,FaIR v1.1.0 constrained ensemble (1001 members; deterministic median)
1953,SSP4,ssp460,0.128107654241573,0.2021625863131848,0.27682833293621734,-1.0554109846589115,2.1.1,FaIR v1.1.0 constrained ensemble (1001 members; deterministic median)
1954,SSP4,ssp460,0.12603147608192805,0.2011511275896289,0.2781842599314301,-1.0564224433824674,2.1.1,FaIR v1.1.0 constrained ensemble (1001 members; deterministic median)
1955,SSP4,ssp460,0.1281118149027607,0.20297018633024272,0.28195022805448006,-1.0546033846418537,2.1.1,FaIR v1.1.0 constrained ensemble (1001 members; deterministic median)
1956,SSP4,ssp460,0.12946683547167853,0.20700048469019988,0.2888450291223279,-1.0505730862818965,2.1.1,FaIR v1.1.0 constrained ensemble (1001 members; deterministic median)
1957,SSP4,ssp460,0.13319437472712017,0.2146051022056491,0.3020910618194627,-1.042968468766447,2.1.1,FaIR v1.1.0 constrained ensemble (1001 members; deterministic median)
1958,SSP4,ssp460,0.13876294169527484,0.2253720006906409,0.3195728154895895,-1.0322015702814555,2.1.1,FaIR v1.1.0 constrained ensemble (1001 members; deterministic median)
1959,SSP4,ssp460,0.14943892591115596,0.2380738036951944,0.3351840192524695,-1.019499767276902,2.1.1,FaIR v1.1.0 constrained ensemble (1001 members; deterministic median)
1960,SSP4,ssp460,0.15119444745855393,0.24352175714829843,0.3425494824949209,-1.014051813823798,2.1.1,FaIR v1.1.0 constrained ensemble (1001 members; deterministic median)
1961,SSP4,ssp460,0.15231447750172342,0.24611325541517975,0.34755633009357445,-1.0114603155569166,2.1.1,FaIR v1.1.0 constrained ensemble (1001 members; deterministic median)
1962,SSP4,ssp460,0.13627013111303962,0.2367692393797694,0.34391987128948076,-1.020804331592327,2.1.1,FaIR v1.1.0 constrained ensemble (1001 members; deterministic median)
1963,SSP4,ssp460,0.11061858034172413,0.21612440213825593,0.3273232145208092,-1.0414491688338403,2.1.1,FaIR v1.1.0 constrained ensemble (1001 members; deterministic median)
1964,SSP4,ssp460,0.010152294472784474,0.1326023761652025,0.25213781795958473,-1.124971194806894,2.1.1,FaIR v1.1.0 constrained ensemble (1001 members; deterministic median)
1965,SSP4,ssp460,-0.016599617219864603,0.10504550686537831,0.23111679439610502,-1.152528064106718,2.1.1,FaIR v1.1.0 constrained ensemble (1001 members; deterministic median)
1966,SSP4,ssp460,-0.010269486929237216,0.11909092391113371,0.24881489992937514,-1.1384826470609626,2.1.1,FaIR v1.1.0 constrained ensemble (1001 members; deterministic median)
1967,SSP4,ssp460,0.037235709850693126,0.16948128455222009,0.30057702675904135,-1.0880922864198763,2.1.1,FaIR v1.1.0 constrained ensemble (1001 members; deterministic median)
1968,SSP4,ssp460,0.056205385301953736,0.18513514656439434,0.3146353707941388,-1.0724384244077019,2.1.1,FaIR v1.1.0 constrained ensemble (1001 members; deterministic median)
1969,SSP4,ssp460,0.08023031340111057,0.20615254385903423,0.33821099908866203,-1.0514210271130622,2.1.1,FaIR v1.1.0 constrained ensemble (1001 members; deterministic median)
1970,SSP4,ssp460,0.1080705773247149,0.2327391637660772,0.3663670416577113,-1.0248344072060191,2.1.1,FaIR v1.1.0 constrained ensemble (1001 members; deterministic median)
1971,SSP4,ssp460,0.12262901933529016,0.251600597335736,0.38781154507055626,-1.0059729736363603,2.1.1,FaIR v1.1.0 constrained ensemble (1001 members; deterministic median)
1972,SSP4,ssp460,0.12204192708929437,0.25343040314653364,0.39159748004682204,-1.0041431678255628,2.1.1,FaIR v1.1.0 constrained ensemble (1001 members; deterministic median)
1973,SSP4,ssp460,0.13364124832531601,0.264637035281888,0.40696700435153654,-0.9929365356902083,2.1.1,FaIR v1.1.0 constrained ensemble (1001 members; deterministic median)
1974,SSP4,ssp460,0.1504766309376454,0.2835580773485628,0.4307064508708558,-0.9740154936235335,2.1.1,FaIR v1.1.0 constrained ensemble (1001 members; deterministic median)
1975,SSP4,ssp460,0.1593550426964037,0.29343178519066176,0.4432215905250793,-0.9641417857814345,2.1.1,FaIR v1.1.0 constrained ensemble (1001 members; deterministic median)
1976,SSP4,ssp460,0.14978944625921553,0.2898047997991478,0.43571146261694904,-0.9677687711729486,2.1.1,FaIR v1.1.0 constrained ensemble (1001 members; deterministic median)
1977,SSP4,ssp460,0.16942479063220206,0.3068285046037082,0.4539603199427781,-0.9507450663683881,2.1.1,FaIR v1.1.0 constrained ensemble (1001 members; deterministic median)
1978,SSP4,ssp460,0.19841596820899313,0.33442039230007753,0.4844968171757398,-0.9231531786720188,2.1.1,FaIR v1.1.0 constrained ensemble (1001 members; deterministic median)
1979,SSP4,ssp460,0.23268818014250675,0.3668698667237674,0.5198986925082524,-0.8907037042483289,2.1.1,FaIR v1.1.0 constrained ensemble (1001 members; deterministic median)
1980,SSP4,ssp460,0.2620272082325014,0.39354142051220276,0.5509372694593377,-0.8640321504598936,2.1.1,FaIR v1.1.0 constrained ensemble (1001 members; deterministic median)
1981,SSP4,ssp460,0.28064571305867003,0.41278722172416765,0.5673744009750452,-0.8447863492479286,2.1.1,FaIR v1.1.0 constrained ensemble (1001 members; deterministic median)
1982,SSP4,ssp460,0.302420902483033,0.43249333970544546,0.5822743558692537,-0.8250802312666509,2.1.1,FaIR v1.1.0 constrained ensemble (1001 members; deterministic median)
1983,SSP4,ssp460,0.28506774939402607,0.4171946461794696,0.5721137728729739,-0.8403789247926268,2.1.1,FaIR v1.1.0 constrained ensemble (1001 members; deterministic median)
1984,SSP4,ssp460,0.24901200903515866,0.3829933984117592,0.5337801354885922,-0.874580172560337,2.1.1,FaIR v1.1.0 constrained ensemble (1001 members; deterministic median)
1985,SSP4,ssp460,0.2694094026109413,0.3978799254140394,0.554634539416612,-0.8596936455580569,2.1.1,FaIR v1.1.0 constrained ensemble (1001 members; deterministic median)
1986,SSP4,ssp460,0.3064493281875168,0.4338545240280606,0.5878058153562059,-0.8237190469440357,2.1.1,FaIR v1.1.0 constrained ensemble (1001 members; deterministic median)
1987,SSP4,ssp460,0.33508100156853415,0.46131183994081293,0.6141055596941178,-0.7962617310312834,2.1.1,FaIR v1.1.0 constrained ensemble (1001 members; deterministic median)
1988,SSP4,ssp460,0.36283726137289507,0.4897500222301249,0.641553411337996,-0.7678235487419713,2.1.1,FaIR v1.1.0 constrained ensemble (1001 members; deterministic median)
1989,SSP4,ssp460,0.3979985392177302,0.5224031999894925,0.6772839579124293,-0.7351703709826038,2.1.1,FaIR v1.1.0 constrained ensemble (1001 members; deterministic median)
1990,SSP4,ssp460,0.4373584379755624,0.5642384702952231,0.7169678876123929,-0.6933351006768732,2.1.1,FaIR v1.1.0 constrained ensemble (1001 members; deterministic median)
1991,SSP4,ssp460,0.46696990171871977,0.5919295362561874,0.7451750789511637,-0.6656440347159089,2.1.1,FaIR v1.1.0 constrained ensemble (1001 members; deterministic median)
1992,SSP4,ssp460,0.4170894422911106,0.5544525439812185,0.7134080576160855,-0.7031210269908779,2.1.1,FaIR v1.1.0 constrained ensemble (1001 members; deterministic median)
1993,SSP4,ssp460,0.30260513340971573,0.4566440088164514,0.6151038572812526,-0.8009295621556449,2.1.1,FaIR v1.1.0 constrained ensemble (1001 members; deterministic median)
1994,SSP4,ssp460,0.33340328517719564,0.46895962939878144,0.629805966025216,-0.7886139415733149,2.1.1,FaIR v1.1.0 constrained ensemble (1001 members; deterministic median)
1995,SSP4,ssp460,0.3994701188936102,0.5336369381710376,0.697014516073337,-0.7239366328010587,2.1.1,FaIR v1.1.0 constrained ensemble (1001 members; deterministic median)
1996,SSP4,ssp460,0.463207849923424,0.5974416685080878,0.7581643755542974,-0.6601319024640085,2.1.1,FaIR v1.1.0 constrained ensemble (1001 members; deterministic median)
1997,SSP4,ssp460,0.5143311220188143,0.6465256998001478,0.7999724140876107,-0.6110478711719485,2.1.1,FaIR v1.1.0 constrained ensemble (1001 members; deterministic median)
1998,SSP4,ssp460,0.5332039960072726,0.6737637592386887,0.8348058808593279,-0.5838098117334076,2.1.1,FaIR v1.1.0 constrained ensemble (1001 members; deterministic median)
1999,SSP4,ssp460,0.5624691941928882,0.7067930938793111,0.8677733090614268,-0.5507804770927852,2.1.1,FaIR v1.1.0 constrained ensemble (1001 members; deterministic median)
2000,SSP4,ssp460,0.6102024158772043,0.753703184052187,0.9051048025644243,-0.5038703869199094,2.1.1,FaIR v1.1.0 constrained ensemble (1001 members; deterministic median)
2001,SSP4,ssp460,0.6566846335119093,0.7977253537633581,0.947506535660124,-0.45984821720873825,2.1.1,FaIR v1.1.0 constrained ensemble (1001 members; deterministic median)
2002,SSP4,ssp460,0.6880182521245384,0.8285403552277568,0.9786725150640432,-0.4290332157443395,2.1.1,FaIR v1.1.0 constrained ensemble (1001 members; deterministic median)
2003,SSP4,ssp460,0.7000833860927819,0.8491510674473806,1.0013506729644908,-0.40842250352471576,2.1.1,FaIR v1.1.0 constrained ensemble (1001 members; deterministic median)
2004,SSP4,ssp460,0.7050736394985961,0.8568713076294966,1.0123896714907,-0.40070226334259973,2.1.1,FaIR v1.1.0 constrained ensemble (1001 members; deterministic median)
2005,SSP4,ssp460,0.7135809240180637,0.8694065767199469,1.0237571442485702,-0.3881669942521494,2.1.1,FaIR v1.1.0 constrained ensemble (1001 members; deterministic median)
2006,SSP4,ssp460,0.7200751440753042,0.8761607836531262,1.0332263998439064,-0.3814127873189701,2.1.1,FaIR v1.1.0 constrained ensemble (1001 members; deterministic median)
2007,SSP4,ssp460,0.7252440166151948,0.8854648924891311,1.043850036391237,-0.37210867848296525,2.1.1,FaIR v1.1.0 constrained ensemble (1001 members; deterministic median)
2008,SSP4,ssp460,0.7368098656467004,0.8990064274469788,1.0581690277994904,-0.35856714352511754,2.1.1,FaIR v1.1.0 constrained ensemble (1001 members; deterministic median)
2009,SSP4,ssp460,0.7575255490753751,0.9197429260698502,1.0797124241695568,-0.3378306449022461,2.1.1,FaIR v1.1.0 constrained ensemble (1001 members; deterministic median)
2010,SSP4,ssp460,0.777227291363001,0.9425192269520106,1.0996416930058348,-0.3150543440200857,2.1.1,FaIR v1.1.0 constrained ensemble (1001 members; deterministic median)
2011,SSP4,ssp460,0.7972787737719547,0.9660260336162155,1.1280369002116315,-0.2915475373558808,2.1.1,FaIR v1.1.0 constrained ensemble (1001 members; deterministic median)
2012,SSP4,ssp460,0.8236342048809008,0.9953008998145088,1.155156638071846,-0.26227267115758757,2.1.1,FaIR v1.1.0 constrained ensemble (1001 members; deterministic median)
2013,SSP4,ssp460,0.8452965650258889,1.0194654611933625,1.1861606255883252,-0.23810810977873387,2.1.1,FaIR v1.1.0 constrained ensemble (1001 members; deterministic median)
2014,SSP4,ssp460,0.8728655929164966,1.0508249465880717,1.220260534179642,-0.20674862438402464,2.1.1,FaIR v1.1.0 constrained ensemble (1001 members; deterministic median)
2015,SSP4,ssp460,0.889845187518119,1.0742515297790938,1.250514560616798,-0.18332204119300255,2.1.1,FaIR v1.1.0 constrained ensemble (1001 members; deterministic median)
2016,SSP4,ssp460,0.9144336419711749,1.1020705444553074,1.2773734890969846,-0.15550302651678893,2.1.1,FaIR v1.1.0 constrained ensemble (1001 members; deterministic median)
2017,SSP4,ssp460,0.9355328448798851,1.1246278913573602,1.3050173497203266,-0.13294567961473613,2.1.1,FaIR v1.1.0 constrained ensemble (1001 members; deterministic median)
2018,SSP4,ssp460,0.9566669406048488,1.1493660608491365,1.3370313159145033,-0.10820751012295982,2.1.1,FaIR v1.1.0 constrained ensemble (1001 members; deterministic median)
2019,SSP4,ssp460,0.9820331782078646,1.174934968754717,1.3652594003258174,-0.08263860221737929,2.1.1,FaIR v1.1.0 constrained ensemble (1001 members; deterministic median)
2020,SSP4,ssp460,1.001794495455039,1.2008093777796818,1.396171260566487,-0.05676419319241455,2.1.1,FaIR v1.1.0 constrained ensemble (1001 members; deterministic median)
2021,SSP4,ssp460,1.0219515299328084,1.2280684198512977,1.4295307243462587,-0.029505151120798656,2.1.1,FaIR v1.1.0 constrained ensemble (1001 members; deterministic median)
2022,SSP4,ssp460,1.044003909553445,1.2575735709720963,1.4668424376755562,0.0,2.1.1,FaIR v1.1.0 constrained ensemble (1001 members; deterministic median)
2023,SSP4,ssp460,1.0697093102231316,1.2875959814598066,1.5074140303991226,0.03002241048771026,2.1.1,FaIR v1.1.0 constrained ensemble (1001 members; deterministic median)
2024,SSP4,ssp460,1.092038629474673,1.3180495541724764,1.544198919123594,0.06047598320038006,2.1.1,FaIR v1.1.0 constrained ensemble (1001 members; deterministic median)
2025,SSP4,ssp460,1.1127923758059641,1.345005302791289,1.5796007197519493,0.08743173181919262,2.1.1,FaIR v1.1.0 constrained ensemble (1001 members; deterministic median)
2026,SSP4,ssp460,1.12996425888653,1.3689901087912892,1.608171765869985,0.11141653781919292,2.1.1,FaIR v1.1.0 constrained ensemble (1001 members; deterministic median)
2027,SSP4,ssp460,1.1449032277698057,1.388765813600506,1.632910435766007,0.13119224262840978,2.1.1,FaIR v1.1.0 constrained ensemble (1001 members; deterministic median)
2028,SSP4,ssp460,1.1601469286581947,1.4071739161358046,1.6563279092901644,0.14960034516370824,2.1.1,FaIR v1.1.0 constrained ensemble (1001 members; deterministic median)
2029,SSP4,ssp460,1.1758455182645462,1.4269857236697452,1.6794754614324847,0.16941215269764887,2.1.1,FaIR v1.1.0 constrained ensemble (1001 members; deterministic median)
2030,SSP4,ssp460,1.191896607382821,1.4465856006780635,1.7028478785259644,0.1890120297059672,2.1.1,FaIR v1.1.0 constrained ensemble (1001 members; deterministic median)
2031,SSP4,ssp460,1.208510039691556,1.4683213659616972,1.727300799579561,0.21074779498960083,2.1.1,FaIR v1.1.0 constrained ensemble (1001 members; deterministic median)
2032,SSP4,ssp460,1.2264037840309283,1.491854989821181,1.752534210163301,0.2342814188490847,2.1.1,FaIR v1.1.0 constrained ensemble (1001 members; deterministic median)
2033,SSP4,ssp460,1.2454522204917475,1.517327489924516,1.783778831113134,0.2597539189524196,2.1.1,FaIR v1.1.0 constrained ensemble (1001 members; deterministic median)
2034,SSP4,ssp460,1.269947437200705,1.5472287563308302,1.8203203857521875,0.2896551853587339,2.1.1,FaIR v1.1.0 constrained ensemble (1001 members; deterministic median)
2035,SSP4,ssp460,1.2978219492731486,1.5790659881034002,1.857372428680803,0.32149241713130383,2.1.1,FaIR v1.1.0 constrained ensemble (1001 members; deterministic median)
2036,SSP4,ssp460,1.3222697874361342,1.6097408907077635,1.8919651549605012,0.3521673197356672,2.1.1,FaIR v1.1.0 constrained ensemble (1001 members; deterministic median)
2037,SSP4,ssp460,1.3480943678635926,1.6408722961176228,1.9335211101624286,0.38329872514552643,2.1.1,FaIR v1.1.0 constrained ensemble (1001 members; deterministic median)
2038,SSP4,ssp460,1.3706365545327868,1.669233220883734,1.9624828817874815,0.4116596499116376,2.1.1,FaIR v1.1.0 constrained ensemble (1001 members; deterministic median)
2039,SSP4,ssp460,1.391439355210555,1.6963787096576446,1.992080998140166,0.43880513868554827,2.1.1,FaIR v1.1.0 constrained ensemble (1001 members; deterministic median)
2040,SSP4,ssp460,1.4110461128251268,1.7213371814369518,2.0225506945868057,0.4637636104648555,2.1.1,FaIR v1.1.0 constrained ensemble (1001 members; deterministic median)
2041,SSP4,ssp460,1.4297384546037435,1.7455337177825392,2.0532706076551306,0.48796014681044286,2.1.1,FaIR v1.1.0 constrained ensemble (1001 members; deterministic median)
2042,SSP4,ssp460,1.448123424886933,1.7680088250455606,2.0834407207084653,0.5104352540734642,2.1.1,FaIR v1.1.0 constrained ensemble (1001 members; deterministic median)
2043,SSP4,ssp460,1.469634936041675,1.7928372030647757,2.1154027352314344,0.5352636320926794,2.1.1,FaIR v1.1.0 constrained ensemble (1001 members; deterministic median)
2044,SSP4,ssp460,1.490862967699584,1.8191356514867736,2.150425149433911,0.5615620805146773,2.1.1,FaIR v1.1.0 constrained ensemble (1001 members; deterministic median)
2045,SSP4,ssp460,1.5131504084951544,1.8475258578695013,2.186850312399244,0.589952286897405,2.1.1,FaIR v1.1.0 constrained ensemble (1001 members; deterministic median)
2046,SSP4,ssp460,1.5390974802120307,1.8802000491969943,2.2336509412724825,0.622626478224898,2.1.1,FaIR v1.1.0 constrained ensemble (1001 members; deterministic median)
2047,SSP4,ssp460,1.5689737096558558,1.913368538371105,2.2825756380590443,0.6557949673990087,2.1.1,FaIR v1.1.0 constrained ensemble (1001 members; deterministic median)
2048,SSP4,ssp460,1.5999557522811454,1.9496958020077324,2.3270509647198985,0.6921222310356361,2.1.1,FaIR v1.1.0 constrained ensemble (1001 members; deterministic median)
2049,SSP4,ssp460,1.6256508129576377,1.9827753555486376,2.364351967084018,0.7252017845765413,2.1.1,FaIR v1.1.0 constrained ensemble (1001 members; deterministic median)
2050,SSP4,ssp460,1.64512153127866,2.0098103581156277,2.397796372723781,0.7522367871435314,2.1.1,FaIR v1.1.0 constrained ensemble (1001 members; deterministic median)
2051,SSP4,ssp460,1.6632442257057454,2.0340616028132197,2.4293804089301934,0.7764880318411234,2.1.1,FaIR v1.1.0 constrained ensemble (1001 members; deterministic median)
2052,SSP4,ssp460,1.681020898648274,2.0574851016695894,2.459678180278426,0.7999115306974931,2.1.1,FaIR v1.1.0 constrained ensemble (1001 members; deterministic median)
2053,SSP4,ssp460,1.6968870131795777,2.082373075091832,2.491491163443709,0.8247995041197356,2.1.1,FaIR v1.1.0 constrained ensemble (1001 members; deterministic median)
2054,SSP4,ssp460,1.7187727449146888,2.1074835147337643,2.524490795898449,0.849909943761668,2.1.1,FaIR v1.1.0 constrained ensemble (1001 members; deterministic median)
2055,SSP4,ssp460,1.7336080486103187,2.133848948078251,2.5633785661276027,0.8762753771061547,2.1.1,FaIR v1.1.0 constrained ensemble (1001 members; deterministic median)
2056,SSP4,ssp460,1.7584003297608792,2.161875893713488,2.602897650523339,0.9043023227413916,2.1.1,FaIR v1.1.0 constrained ensemble (1001 members; deterministic median)
2057,SSP4,ssp460,1.7815734472000675,2.1910756158619127,2.6424217879715597,0.9335020448898164,2.1.1,FaIR v1.1.0 constrained ensemble (1001 members; deterministic median)
2058,SSP4,ssp460,1.8014469206864165,2.2220841547215144,2.6770486408783474,0.9645105837494181,2.1.1,FaIR v1.1.0 constrained ensemble (1001 members; deterministic median)
2059,SSP4,ssp460,1.8248494897716108,2.2511706304447463,2.714619946869186,0.99359705947265,2.1.1,FaIR v1.1.0 constrained ensemble (1001 members; deterministic median)
2060,SSP4,ssp460,1.8455466057275907,2.279888465599001,2.7547674500435164,1.0223148946269045,2.1.1,FaIR v1.1.0 constrained ensemble (1001 members; deterministic median)
2061,SSP4,ssp460,1.8642477434252516,2.3034303368351225,2.7929059780889616,1.0458567658630262,2.1.1,FaIR v1.1.0 constrained ensemble (1001 members; deterministic median)
2062,SSP4,ssp460,1.8830814698456393,2.326880034558907,2.8296659175532715,1.0693064635868106,2.1.1,FaIR v1.1.0 constrained ensemble (1001 members; deterministic median)
2063,SSP4,ssp460,1.8986131717673964,2.349734606574942,2.8646835189823237,1.0921610356028457,2.1.1,FaIR v1.1.0 constrained ensemble (1001 members; deterministic median)
2064,SSP4,ssp460,1.915336879419301,2.372957592370465,2.9026425109010807,1.1153840213983688,2.1.1,FaIR v1.1.0 constrained ensemble (1001 members; deterministic median)
2065,SSP4,ssp460,1.932873472501036,2.397002428283911,2.9382083524467624,1.1394288573118148,2.1.1,FaIR v1.1.0 constrained ensemble (1001 members; deterministic median)
2066,SSP4,ssp460,1.9525303358539923,2.422882248573867,2.9710824820020196,1.1653086776017705,2.1.1,FaIR v1.1.0 constrained ensemble (1001 members; deterministic median)
2067,SSP4,ssp460,1.9792943750559584,2.451354735338544,3.009437556697592,1.1937811643664478,2.1.1,FaIR v1.1.0 constrained ensemble (1001 members; deterministic median)
2068,SSP4,ssp460,2.0036741915126384,2.482977433822698,3.050622311390552,1.2254038628506019,2.1.1,FaIR v1.1.0 constrained ensemble (1001 members; deterministic median)
2069,SSP4,ssp460,2.0255260529050587,2.5133605193719255,3.094714225653574,1.2557869483998292,2.1.1,FaIR v1.1.0 constrained ensemble (1001 members; deterministic median)
2070,SSP4,ssp460,2.0450369461650464,2.54196170379603,3.1335002726307497,1.2843881328239337,2.1.1,FaIR v1.1.0 constrained ensemble (1001 members; deterministic median)
2071,SSP4,ssp460,2.061573448681528,2.5660654342601226,3.1644542187331397,1.3084918632880262,2.1.1,FaIR v1.1.0 constrained ensemble (1001 members; deterministic median)
2072,SSP4,ssp460,2.0755579270976923,2.588638496053953,3.1912982370458116,1.3310649250818567,2.1.1,FaIR v1.1.0 constrained ensemble (1001 members; deterministic median)
2073,SSP4,ssp460,2.090113338726966,2.6118719558469325,3.230368684962498,1.3542983848748362,2.1.1,FaIR v1.1.0 constrained ensemble (1001 members; deterministic median)
2074,SSP4,ssp460,2.1049043634409283,2.634311109116029,3.264021562714051,1.3767375381439326,2.1.1,FaIR v1.1.0 constrained ensemble (1001 members; deterministic median)
2075,SSP4,ssp460,2.117025928172384,2.653997745243531,3.2971482873532256,1.3964241742714345,2.1.1,FaIR v1.1.0 constrained ensemble (1001 members; deterministic median)
2076,SSP4,ssp460,2.1290325140073416,2.674046559780889,3.3317490751800967,1.4164729888087926,2.1.1,FaIR v1.1.0 constrained ensemble (1001 members; deterministic median)
2077,SSP4,ssp460,2.141012192268123,2.6979813636301744,3.367003917364698,1.440407792658078,2.1.1,FaIR v1.1.0 constrained ensemble (1001 members; deterministic median)
2078,SSP4,ssp460,2.1533645509213173,2.720845577664673,3.3987400992393617,1.4632720066925768,2.1.1,FaIR v1.1.0 constrained ensemble (1001 members; deterministic median)
2079,SSP4,ssp460,2.1680500612453457,2.7446946943324564,3.4309661815263635,1.48712112336036,2.1.1,FaIR v1.1.0 constrained ensemble (1001 members; deterministic median)
2080,SSP4,ssp460,2.1891972059660953,2.771613808733771,3.4663459016568643,1.5140402377616746,2.1.1,FaIR v1.1.0 constrained ensemble (1001 members; deterministic median)
2081,SSP4,ssp460,2.2095808713193654,2.7973204922841877,3.5103346339837427,1.5397469213120913,2.1.1,FaIR v1.1.0 constrained ensemble (1001 members; deterministic median)
2082,SSP4,ssp460,2.226737158091976,2.8198047609016768,3.546190702107666,1.5622311899295804,2.1.1,FaIR v1.1.0 constrained ensemble (1001 members; deterministic median)
2083,SSP4,ssp460,2.2440559939855746,2.8431906948411236,3.5797672539906964,1.5856171238690273,2.1.1,FaIR v1.1.0 constrained ensemble (1001 members; deterministic median)
2084,SSP4,ssp460,2.253801738974544,2.8645780168190007,3.607005699598386,1.6070044458469044,2.1.1,FaIR v1.1.0 constrained ensemble (1001 members; deterministic median)
2085,SSP4,ssp460,2.2626514998424,2.8784678709230826,3.633226197810717,1.6208942999509863,2.1.1,FaIR v1.1.0 constrained ensemble (1001 members; deterministic median)
2086,SSP4,ssp460,2.2709963430922393,2.896984943306848,3.6634990374731133,1.6394113723347516,2.1.1,FaIR v1.1.0 constrained ensemble (1001 members; deterministic median)
2087,SSP4,ssp460,2.2839709784978757,2.9145917060934425,3.6940147146751396,1.6570181351213462,2.1.1,FaIR v1.1.0 constrained ensemble (1001 members; deterministic median)
2088,SSP4,ssp460,2.2967024985022926,2.9309485953030614,3.725458865379669,1.673375024330965,2.1.1,FaIR v1.1.0 constrained ensemble (1001 members; deterministic median)
2089,SSP4,ssp460,2.3063039073770275,2.951431510683541,3.758395836344833,1.6938579397114448,2.1.1,FaIR v1.1.0 constrained ensemble (1001 members; deterministic median)
2090,SSP4,ssp460,2.3191727937032955,2.9695601532148226,3.792598702808304,1.7119865822427263,2.1.1,FaIR v1.1.0 constrained ensemble (1001 members; deterministic median)
2091,SSP4,ssp460,2.332170661831553,2.994867980716933,3.825186313161087,1.7372944097448368,2.1.1,FaIR v1.1.0 constrained ensemble (1001 members; deterministic median)
2092,SSP4,ssp460,2.3468384322289593,3.017856623295592,3.8579075252497836,1.7602830523234958,2.1.1,FaIR v1.1.0 constrained ensemble (1001 members; deterministic median)
2093,SSP4,ssp460,2.3618921611957178,3.0416778585894693,3.891341018537503,1.784104287617373,2.1.1,FaIR v1.1.0 constrained ensemble (1001 members; deterministic median)
2094,SSP4,ssp460,2.3754266329768634,3.059616026562599,3.917862508224513,1.8020424555905026,2.1.1,FaIR v1.1.0 constrained ensemble (1001 members; deterministic median)
2095,SSP4,ssp460,2.3871003702618556,3.071401247160729,3.942236127386703,1.8138276761886327,2.1.1,FaIR v1.1.0 constrained ensemble (1001 members; deterministic median)
2096,SSP4,ssp460,2.395134473381851,3.084857999427922,3.9657013906704037,1.8272844284558258,2.1.1,FaIR v1.1.0 constrained ensemble (1001 members; deterministic median)
2097,SSP4,ssp460,2.396812370047948,3.097104951870909,3.98331572879679,1.8395313808988127,2.1.1,FaIR v1.1.0 constrained ensemble (1001 members; deterministic median)
2098,SSP4,ssp460,2.405921164119749,3.1086775788208163,4.002176618547216,1.85110400784872,2.1.1,FaIR v1.1.0 constrained ensemble (1001 members; deterministic median)
2099,SSP4,ssp460,2.4111968512116237,3.120890489643805,4.023001294137225,1.863316918671709,2.1.1,FaIR v1.1.0 constrained ensemble (1001 members; deterministic median)
2100,SSP4,ssp460,2.418306659964992,3.13241798057857,4.047544690225419,1.8748444096064738,2.1.1,FaIR v1.1.0 constrained ensemble (1001 members; deterministic median)
1750,SSP5,ssp585,-0.07947160555953202,-0.03262765950500483,0.02919768291936217,-1.322401678988461,2.1.1,FaIR v1.1.0 constrained ensemble (1001 members; deterministic median)
1751,SSP5,ssp585,-0.05079588202487503,-0.00022493299986717924,0.06448163417412171,-1.2899989524833233,2.1.1,FaIR v1.1.0 constrained ensemble (1001 members; deterministic median)
1752,SSP5,ssp585,-0.03243993205576503,0.019238211378237537,0.08644268321987841,-1.2705358081052187,2.1.1,FaIR v1.1.0 constrained ensemble (1001 members; deterministic median)
1753,SSP5,ssp585,-0.026678433216432484,0.027173346890932964,0.09532246233824106,-1.2626006725925232,2.1.1,FaIR v1.1.0 constrained ensemble (1001 members; deterministic median)
1754,SSP5,ssp585,-0.027695878633276952,0.027158835997199388,0.09527321009279911,-1.2626151834862567,2.1.1,FaIR v1.1.0 constrained ensemble (1001 members; deterministic median)
1755,SSP5,ssp585,-0.05987733306293851,-0.007520790462028084,0.06266222767488723,-1.2972948099454842,2.1.1,FaIR v1.1.0 constrained ensemble (1001 members; deterministic median)
1756,SSP5,ssp585,-0.07222183074621218,-0.02073184496692674,0.04879715921893433,-1.3105058644503829,2.1.1,FaIR v1.1.0 constrained ensemble (1001 members; deterministic median)
1757,SSP5,ssp585,-0.06593910709808994,-0.014965359187471432,0.053906286926664174,-1.3047393786709276,2.1.1,FaIR v1.1.0 constrained ensemble (1001 members; deterministic median)
1758,SSP5,ssp585,-0.05661983467783669,-0.00557126662277431,0.06070013548315399,-1.2953452861062305,2.1.1,FaIR v1.1.0 constrained ensemble (1001 members; deterministic median)
1759,SSP5,ssp585,-0.04286898728916658,0.0086864676575843,0.07395144200728916,-1.2810875518258718,2.1.1,FaIR v1.1.0 constrained ensemble (1001 members; deterministic median)
1760,SSP5,ssp585,-0.028482256063030717,0.023408490055888968,0.09069655202205647,-1.266365529427567,2.1.1,FaIR v1.1.0 constrained ensemble (1001 members; deterministic median)
1761,SSP5,ssp585,-0.017384243750694556,0.035047975223204554,0.10446134411633959,-1.2547260442602517,2.1.1,FaIR v1.1.0 constrained ensemble (1001 members; deterministic median)
1762,SSP5,ssp585,-0.011752258230912332,0.04283312013318633,0.11274664995128511,-1.2469408993502697,2.1.1,FaIR v1.1.0 constrained ensemble (1001 members; deterministic median)
1763,SSP5,ssp585,-0.10752127655330415,-0.04660515709446264,0.028817793372026012,-1.3363791765779187,2.1.1,FaIR v1.1.0 constrained ensemble (1001 members; deterministic median)
1764,SSP5,ssp585,-0.13021092518655625,-0.07615234751618943,-0.003812452338350765,-1.3659263669996455,2.1.1,FaIR v1.1.0 constrained ensemble (1001 members; deterministic median)
1765,SSP5,ssp585,-0.10786748909026078,-0.05369604229419901,0.015066985139631953,-1.3434700617776552,2.1.1,FaIR v1.1.0 constrained ensemble (1001 members; deterministic median)
1766,SSP5,ssp585,-0.08436615128377126,-0.033665628887613784,0.03309299160041964,-1.32343964837107,2.1.1,FaIR v1.1.0 constrained ensemble (1001 members; deterministic median)
1767,SSP5,ssp585,-0.0675319643604663,-0.019095944486545467,0.04694090418312899,-1.3088699639700017,2.1.1,FaIR v1.1.0 constrained ensemble (1001 members; deterministic median)
1768,SSP5,ssp585,-0.09985485347245324,-0.05209839268757287,0.01185266869263998,-1.341872412171029,2.1.1,FaIR v1.1.0 constrained ensemble (1001 members; deterministic median)
1769,SSP5,ssp585,-0.09882263729887283,-0.05308056491766275,0.007766901257573192,-1.3428545844011188,2.1.1,FaIR v1.1.0 constrained ensemble (1001 members; deterministic median)
1770,SSP5,ssp585,-0.07136772023614821,-0.022891024198895056,0.041130631193627205,-1.3126650436823513,2.1.1,FaIR v1.1.0 constrained ensemble (1001 members; deterministic median)
1771,SSP5,ssp585,-0.043506411615217386,0.006039331964113048,0.07353884191281852,-1.2837346875193432,2.1.1,FaIR v1.1.0 constrained ensemble (1001 members; deterministic median)
1772,SSP5,ssp585,-0.025433767952362338,0.027063855275468313,0.09524496294542895,-1.2627101642079879,2.1.1,FaIR v1.1.0 constrained ensemble (1001 members; deterministic median)
1773,SSP5,ssp585,-0.01671390821774351,0.03790213025951448,0.10926546884500456,-1.2518718892239418,2.1.1,FaIR v1.1.0 constrained ensemble (1001 members; deterministic median)
1774,SSP5,ssp585,-0.014601311602525854,0.041229661336857154,0.11306811952441645,-1.248544358146599,2.1.1,FaIR v1.1.0 constrained ensemble (1001 members; deterministic median)
1775,SSP5,ssp585,-0.01834733457978259,0.03627846457843605,0.10479763512335381,-1.2534955549050202,2.1.1,FaIR v1.1.0 constrained ensemble (1001 members; deterministic median)
1776,SSP5,ssp585,-0.023483167160208436,0.030524216950220076,0.09885271647987581,-1.2592498025332362,2.1.1,FaIR v1.1.0 constrained ensemble (1001 members; deterministic median)
1777,SSP5,ssp585,-0.02839203529893987,0.026248870661647335,0.09630028557569567,-1.2635251488218089,2.1.1,FaIR v1.1.0 constrained ensemble (1001 members; deterministic median)
1778,SSP5,ssp585,-0.029673667566985612,0.023815010603278293,0.09399639816093802,-1.2659590088801778,2.1.1,FaIR v1.1.0 constrained ensemble (1001 members; deterministic median)
1779,SSP5,ssp585,-0.02506842334765675,0.02772567548748553,0.09700654487628724,-1.2620483439959707,2.1.1,FaIR v1.1.0 constrained ensemble (1001 members; deterministic median)
1780,SSP5,ssp585,-0.01250416288853795,0.040221633204082854,0.11137060034599654,-1.2495523862793734,2.1.1,FaIR v1.1.0 constrained ensemble (1001 members; deterministic median)
1781,SSP5,ssp585,-0.00033075103758645197,0.05287494337355345,0.12587117911636378,-1.2368990761099028,2.1.1,FaIR v1.1.0 constrained ensemble (1001 members; deterministic median)
1782,SSP5,ssp585,0.006174970927009776,0.0621219202240048,0.13599443346376766,-1.2276520992594513,2.1.1,FaIR v1.1.0 constrained ensemble (1001 members; deterministic median)
1783,SSP5,ssp585,0.007711367783412082,0.06457590233472632,0.13967489791989182,-1.2251981171487298,2.1.1,FaIR v1.1.0 constrained ensemble (1001 members; deterministic median)
1784,SSP5,ssp585,-0.21470042364765818,-0.12252189376094336,-0.022186681852568127,-1.4122959132443995,2.1.1,FaIR v1.1.0 constrained ensemble (1001 members; deterministic median)
1785,SSP5,ssp585,-0.2678510009793896,-0.18210625957714605,-0.09330309695024355,-1.4718802790606023,2.1.1,FaIR v1.1.0 constrained ensemble (1001 members; deterministic median)
1786,SSP5,ssp585,-0.216245411419642,-0.14145089136594932,-0.06224865558822516,-1.4312249108494055,2.1.1,FaIR v1.1.0 constrained ensemble (1001 members; deterministic median)
1787,SSP5,ssp585,-0.15514445284859713,-0.09025072991908743,-0.017659607100408845,-1.3800247494025435,2.1.1,FaIR v1.1.0 constrained ensemble (1001 members; deterministic median)
1788,SSP5,ssp585,-0.11134987627146606,-0.05432307258011873,0.011136043190126633,-1.3440970920635749,2.1.1,FaIR v1.1.0 constrained ensemble (1001 members; deterministic median)
1789,SSP5,ssp585,-0.0740169438606637,-0.024720695290656867,0.03413566724279654,-1.314494714774113,2.1.1,FaIR v1.1.0 constrained ensemble (1001 members; deterministic median)
1790,SSP5,ssp585,-0.043604923440222564,0.005669493510756889,0.0671582365076538,-1.2841045259726993,2.1.1,FaIR v1.1.0 constrained ensemble (1001 members; deterministic median)
1791,SSP5,ssp585,-0.022399216116992332,0.0276856538313508,0.0932034439483643,-1.2620883656521054,2.1.1,FaIR v1.1.0 constrained ensemble (1001 members; deterministic median)
1792,SSP5,ssp585,-0.009241911846948794,0.04355303947163339,0.11254466189653747,-1.2462209800118227,2.1.1,FaIR v1.1.0 constrained ensemble (1001 members; deterministic median)
1793,SSP5,ssp585,-0.001721377212674513,0.05225722737281828,0.12412623938104532,-1.2375167921106378,2.1.1,FaIR v1.1.0 constrained ensemble (1001 members; deterministic median)
1794,SSP5,ssp585,-2.2465388129541686e-05,0.05547462490371512,0.12800398666277224,-1.2342993945797411,2.1.1,FaIR v1.1.0 constrained ensemble (1001 members; deterministic median)
1795,SSP5,ssp585,-0.002146362338212318,0.05088466388627366,0.12190775008792831,-1.2388893555971825,2.1.1,FaIR v1.1.0 constrained ensemble (1001 members; deterministic median)
1796,SSP5,ssp585,-0.023121133934414936,0.02753569963287634,0.09548833677334695,-1.2622383198505798,2.1.1,FaIR v1.1.0 constrained ensemble (1001 members; deterministic median)
1797,SSP5,ssp585,-0.03341844876789314,0.0171170499039677,0.08505531098853095,-1.2726569695794885,2.1.1,FaIR v1.1.0 constrained ensemble (1001 members; deterministic median)
1798,SSP5,ssp585,-0.03359817272693036,0.01550042576413501,0.08145709820413134,-1.2742735937193213,2.1.1,FaIR v1.1.0 constrained ensemble (1001 members; deterministic median)
1799,SSP5,ssp585,-0.032819461831244165,0.015001579216677725,0.07698230012394267,-1.2747724402667784,2.1.1,FaIR v1.1.0 constrained ensemble (1001 members; deterministic median)
1800,SSP5,ssp585,-0.03125018822409828,0.016274388652063924,0.0789271171421454,-1.2734996308313922,2.1.1,FaIR v1.1.0 constrained ensemble (1001 members; deterministic median)
1801,SSP5,ssp585,-0.028196188498452734,0.019294437591836168,0.08319272967691982,-1.27047958189162,2.1.1,FaIR v1.1.0 constrained ensemble (1001 members; deterministic median)
1802,SSP5,ssp585,-0.021930509955679862,0.026130101286973764,0.0916207212027509,-1.2636439181964825,2.1.1,FaIR v1.1.0 constrained ensemble (1001 members; deterministic median)
1803,SSP5,ssp585,-0.014589215048247,0.03400689753040512,0.10038650552504225,-1.255767121953051,2.1.1,FaIR v1.1.0 constrained ensemble (1001 members; deterministic median)
1804,SSP5,ssp585,-0.007668510929948455,0.04229671014177132,0.1097836667715091,-1.2474773093416849,2.1.1,FaIR v1.1.0 constrained ensemble (1001 members; deterministic median)
1805,SSP5,ssp585,-0.003852738403434461,0.047883702190986976,0.117374535913766,-1.2418903172924691,2.1.1,FaIR v1.1.0 constrained ensemble (1001 members; deterministic median)
1806,SSP5,ssp585,-0.0020936025309677836,0.04931022462800365,0.11936591604350559,-1.2404637948554524,2.1.1,FaIR v1.1.0 constrained ensemble (1001 members; deterministic median)
1807,SSP5,ssp585,-0.002024813158788774,0.04933228847905617,0.11955818583262626,-1.2404417310044,2.1.1,FaIR v1.1.0 constrained ensemble (1001 members; deterministic median)
1808,SSP5,ssp585,-0.004165248060123167,0.04734137811647385,0.11614349059562254,-1.2424326413669824,2.1.1,FaIR v1.1.0 constrained ensemble (1001 members; deterministic median)
1809,SSP5,ssp585,-0.008009377605912318,0.041455921258200426,0.10710589531429836,-1.2483180982252557,2.1.1,FaIR v1.1.0 constrained ensemble (1001 members; deterministic median)
1810,SSP5,ssp585,-0.3795501350014984,-0.2447187400785102,-0.1185149783946286,-1.5344927595619664,2.1.1,FaIR v1.1.0 constrained ensemble (1001 members; deterministic median)
1811,SSP5,ssp585,-0.46435799459565497,-0.33387943206988857,-0.21681831703314186,-1.6236534515533447,2.1.1,FaIR v1.1.0 constrained ensemble (1001 members; deterministic median)
1812,SSP5,ssp585,-0.3766404521106772,-0.2590545458856043,-0.15535635928684305,-1.5488285653690603,2.1.1,FaIR v1.1.0 constrained ensemble (1001 members; deterministic median)
1813,SSP5,ssp585,-0.2685623360779876,-0.16960400811112833,-0.08258685052133766,-1.4593780275945845,2.1.1,FaIR v1.1.0 constrained ensemble (1001 members; deterministic median)
1814,SSP5,ssp585,-0.18680319359279096,-0.10922535622809418,-0.03511900289243573,-1.3989993757115504,2.1.1,FaIR v1.1.0 constrained ensemble (1001 members; deterministic median)
1815,SSP5,ssp585,-0.13188932354496608,-0.07143586631835001,-0.009857525419318591,-1.3612098858018062,2.1.1,FaIR v1.1.0 constrained ensemble (1001 members; deterministic median)
1816,SSP5,ssp585,-0.830233481074423,-0.5731360164663409,-0.3575612926400308,-1.8629100359497972,2.1.1,FaIR v1.1.0 constrained ensemble (1001 members; deterministic median)
1817,SSP5,ssp585,-1.0160917110568761,-0.7462461481983127,-0.5217993542654696,-2.0360201676817686,2.1.1,FaIR v1.1.0 constrained ensemble (1001 members; deterministic median)
1818,SSP5,ssp585,-0.831019777095295,-0.5850608925762952,-0.38627012054858967,-1.8748349120597514,2.1.1,FaIR v1.1.0 constrained ensemble (1001 members; deterministic median)
1819,SSP5,ssp585,-0.622160941105343,-0.4000128052986497,-0.23908426301403404,-1.689786824782106,2.1.1,FaIR v1.1.0 constrained ensemble (1001 members; deterministic median)
1820,SSP5,ssp585,-0.45909999782216765,-0.2757172561126474,-0.15279638388582337,-1.5654912755961035,2.1.1,FaIR v1.1.0 constrained ensemble (1001 members; deterministic median)
1821,SSP5,ssp585,-0.34005199429312977,-0.20010216747139134,-0.1065688535139797,-1.4898761869548476,2.1.1,FaIR v1.1.0 constrained ensemble (1001 members; deterministic median)
1822,SSP5,ssp585,-0.2656487925637221,-0.15520994273847857,-0.07870289941352017,-1.4449839622219347,2.1.1,FaIR v1.1.0 constrained ensemble (1001 members; deterministic median)
1823,SSP5,ssp585,-0.24299694353739826,-0.14569758273210778,-0.08166211122228484,-1.435471602215564,2.1.1,FaIR v1.1.0 constrained ensemble (1001 members; deterministic median)
1824,SSP5,ssp585,-0.21529963562607346,-0.12799567599867806,-0.07152409851549596,-1.4177696954821342,2.1.1,FaIR v1.1.0 constrained ensemble (1001 members; deterministic median)
1825,SSP5,ssp585,-0.17951049124030943,-0.10419155062746002,-0.05076882156687146,-1.3939655701109162,2.1.1,FaIR v1.1.0 constrained ensemble (1001 members; deterministic median)
1826,SSP5,ssp585,-0.145256323834907,-0.08013589552573339,-0.029973516387680296,-1.3699099150091896,2.1.1,FaIR v1.1.0 constrained ensemble (1001 members; deterministic median)
1827,SSP5,ssp585,-0.11574288739092514,-0.057939216474495084,-0.00513171933202828,-1.3477132359579513,2.1.1,FaIR v1.1.0 constrained ensemble (1001 members; deterministic median)
1828,SSP5,ssp585,-0.09469620441447137,-0.038956308366301255,0.013820123618563739,-1.3287303278497573,2.1.1,FaIR v1.1.0 constrained ensemble (1001 members; deterministic median)
1829,SSP5,ssp585,-0.07760780461054943,-0.026277396185335665,0.023320783613322398,-1.316051415668792,2.1.1,FaIR v1.1.0 constrained ensemble (1001 members; deterministic median)
1830,SSP5,ssp585,-0.06368804732294364,-0.016446251746547604,0.03321560453836831,-1.3062202712300037,2.1.1,FaIR v1.1.0 constrained ensemble (1001 members; deterministic median)
1831,SSP5,ssp585,-0.05467971887053458,-0.011113835203871367,0.03875359427393656,-1.3008878546873275,2.1.1,FaIR v1.1.0 constrained ensemble (1001 members; deterministic median)
1832,SSP5,ssp585,-0.4347905938319729,-0.2938590614651492,-0.16523639445461824,-1.5836330809486054,2.1.1,FaIR v1.1.0 constrained ensemble (1001 members; deterministic median)
1833,SSP5,ssp585,-0.5179901812949433,-0.3828606757909218,-0.27163534369313946,-1.672634695274378,2.1.1,FaIR v1.1.0 constrained ensemble (1001 members; deterministic median)
1834,SSP5,ssp585,-0.42316531771765026,-0.305552196245922,-0.20470406069412894,-1.5953262157293782,2.1.1,FaIR v1.1.0 constrained ensemble (1001 members; deterministic median)
1835,SSP5,ssp585,-0.31555910678633453,-0.21308453837686783,-0.1395656340897154,-1.502858557860324,2.1.1,FaIR v1.1.0 constrained ensemble (1001 members; deterministic median)
1836,SSP5,ssp585,-0.32714486946246407,-0.24012478185911926,-0.17181651068822582,-1.5298988013425754,2.1.1,FaIR v1.1.0 constrained ensemble (1001 members; deterministic median)
1837,SSP5,ssp585,-0.30004422993115304,-0.2173247968723674,-0.1526640591085678,-1.5070988163558234,2.1.1,FaIR v1.1.0 constrained ensemble (1001 members; deterministic median)
1838,SSP5,ssp585,-0.2276596791716552,-0.1513499204581672,-0.09555570502892732,-1.4411239399416234,2.1.1,FaIR v1.1.0 constrained ensemble (1001 members; deterministic median)
1839,SSP5,ssp585,-0.16457673213402144,-0.09597412231280142,-0.04932362619143858,-1.3857481417962576,2.1.1,FaIR v1.1.0 constrained ensemble (1001 members; deterministic median)
1840,SSP5,ssp585,-0.11936542776486517,-0.06105176525423988,-0.018793477607234443,-1.350825784737696,2.1.1,FaIR v1.1.0 constrained ensemble (1001 members; deterministic median)
1841,SSP5,ssp585,-0.09190963192551592,-0.039545891295508145,0.0007554226749036537,-1.3293199107789644,2.1.1,FaIR v1.1.0 constrained ensemble (1001 members; deterministic median)
1842,SSP5,ssp585,-0.0736129589074204,-0.028511860690358236,0.011113270576091284,-1.3182858801738144,2.1.1,FaIR v1.1.0 constrained ensemble (1001 members; deterministic median)
1843,SSP5,ssp585,-0.06355432576581194,-0.023176153250448986,0.01562954237561174,-1.3129501727339052,2.1.1,FaIR v1.1.0 constrained ensemble (1001 members; deterministic median)
1844,SSP5,ssp585,-0.05713299063114071,-0.02034261251951118,0.01759528870414622,-1.3101166320029674,2.1.1,FaIR v1.1.0 constrained ensemble (1001 members; deterministic median)
1845,SSP5,ssp585,-0.0791548662428796,-0.04107457025724192,-0.005350148808233687,-1.330848589740698,2.1.1,FaIR v1.1.0 constrained ensemble (1001 members; deterministic median)
1846,SSP5,ssp585,-0.0801043497851265,-0.047485753050647825,-0.015386967181312073,-1.337259772534104,2.1.1,FaIR v1.1.0 constrained ensemble (1001 members; deterministic median)
1847,SSP5,ssp585,-0.06487387179189429,-0.03615046402073185,-0.006301727582321736,-1.325924483504188,2.1.1,FaIR v1.1.0 constrained ensemble (1001 members; deterministic median)
1848,SSP5,ssp585,-0.05056648214056436,-0.024527194532000862,0.0034329355916365833,-1.314301214015457,2.1.1,FaIR v1.1.0 constrained ensemble (1001 members; deterministic median)
1849,SSP5,ssp585,-0.03913095780317764,-0.014986806087728677,0.010755864429990013,-1.304760825571185,2.1.1,FaIR v1.1.0 constrained ensemble (1001 members; deterministic median)
1850,SSP5,ssp585,-0.028837796144352692,-0.0054379891135899056,0.01997346329650499,-1.295212008597046,2.1.1,FaIR v1.1.0 constrained ensemble (1001 members; deterministic median)
1851,SSP5,ssp585,-0.020781466403475377,0.002294549878137219,0.02805228604940354,-1.287479469605319,2.1.1,FaIR v1.1.0 constrained ensemble (1001 members; deterministic median)
1852,SSP5,ssp585,-0.014365907300523777,0.009268673347428681,0.03572547024840928,-1.2805053461360274,2.1.1,FaIR v1.1.0 constrained ensemble (1001 members; deterministic median)
1853,SSP5,ssp585,-0.009203061727846098,0.015040193401955726,0.042265838537040606,-1.2747338260815004,2.1.1,FaIR v1.1.0 constrained ensemble (1001 members; deterministic median)
1854,SSP5,ssp585,-0.006232524805628261,0.018223785211145774,0.04661737055608563,-1.2715502342723104,2.1.1,FaIR v1.1.0 constrained ensemble (1001 members; deterministic median)
1855,SSP5,ssp585,-0.0057067025338216545,0.016787574474089156,0.04399765474942451,-1.272986445009367,2.1.1,FaIR v1.1.0 constrained ensemble (1001 members; deterministic median)
1856,SSP5,ssp585,-0.04114259667482685,-0.016329111425994178,0.011598476984105599,-1.3061031309094504,2.1.1,FaIR v1.1.0 constrained ensemble (1001 members; deterministic median)
1857,SSP5,ssp585,-0.04508468357390953,-0.02496475019397963,-0.001884441708996952,-1.3147387696774357,2.1.1,FaIR v1.1.0 constrained ensemble (1001 members; deterministic median)
1858,SSP5,ssp585,-0.030664718140093007,-0.014106511852711667,0.004693229865378269,-1.3038805313361679,2.1.1,FaIR v1.1.0 constrained ensemble (1001 members; deterministic median)
1859,SSP5,ssp585,-0.01635410252859304,-0.0006489755979106858,0.0166224637256388,-1.2904229950813668,2.1.1,FaIR v1.1.0 constrained ensemble (1001 members; deterministic median)
1860,SSP5,ssp585,-0.0043331835706576505,0.011152332740673964,0.028318682689244288,-1.2786216867427822,2.1.1,FaIR v1.1.0 constrained ensemble (1001 members; deterministic median)
1861,SSP5,ssp585,0.0038257321361051394,0.02010887348202361,0.038418196695911816,-1.2696651460014325,2.1.1,FaIR v1.1.0 constrained ensemble (1001 members; deterministic median)
1862,SSP5,ssp585,-0.0005554934146173515,0.015770933827549207,0.033324534345811646,-1.274003085655907,2.1.1,FaIR v1.1.0 constrained ensemble (1001 members; deterministic median)
1863,SSP5,ssp585,-0.004885416240805351,0.010641900606804873,0.02747743711851084,-1.2791321188766513,2.1.1,FaIR v1.1.0 constrained ensemble (1001 members; deterministic median)
1864,SSP5,ssp585,-0.08579255164356092,-0.054877708446330505,-0.02320459561052009,-1.3446517279297867,2.1.1,FaIR v1.1.0 constrained ensemble (1001 members; deterministic median)
1865,SSP5,ssp585,-0.09494230246300818,-0.06810985658686064,-0.04321770311472845,-1.357883876070317,2.1.1,FaIR v1.1.0 constrained ensemble (1001 members; deterministic median)
1866,SSP5,ssp585,-0.06715697223647532,-0.045417441807009115,-0.02497923095577033,-1.3351914612904652,2.1.1,FaIR v1.1.0 constrained ensemble (1001 members; deterministic median)
1867,SSP5,ssp585,-0.03909083918790442,-0.020994268098546293,-0.0054068481409836186,-1.3107682875820024,2.1.1,FaIR v1.1.0 constrained ensemble (1001 members; deterministic median)
1868,SSP5,ssp585,-0.01860273111758783,-0.006572303672886774,0.00548298157744357,-1.296346323156343,2.1.1,FaIR v1.1.0 constrained ensemble (1001 members; deterministic median)
1869,SSP5,ssp585,-0.005878647042807099,0.002810643935124049,0.013619003007447578,-1.286963375548332,2.1.1,FaIR v1.1.0 constrained ensemble (1001 members; deterministic median)
1870,SSP5,ssp585,0.004397039551230695,0.013082241290857187,0.024375796371200777,-1.276691778192599,2.1.1,FaIR v1.1.0 constrained ensemble (1001 members; deterministic median)
1871,SSP5,ssp585,0.010268208436851167,0.019382251231409194,0.031630929692867925,-1.270391768252047,2.1.1,FaIR v1.1.0 constrained ensemble (1001 members; deterministic median)
1872,SSP5,ssp585,0.01668614511367815,0.02711887656516089,0.04071856284602785,-1.2626551429182953,2.1.1,FaIR v1.1.0 constrained ensemble (1001 members; deterministic median)
1873,SSP5,ssp585,0.020213719666181885,0.0326160485415559,0.04765540802823115,-1.2571579709419003,2.1.1,FaIR v1.1.0 constrained ensemble (1001 members; deterministic median)
1874,SSP5,ssp585,0.014397509713915686,0.02498476653659635,0.038443956903795574,-1.2647892529468598,2.1.1,FaIR v1.1.0 constrained ensemble (1001 members; deterministic median)
1875,SSP5,ssp585,0.018275738603499958,0.028243544708204605,0.0413097628750218,-1.2615304747752516,2.1.1,FaIR v1.1.0 constrained ensemble (1001 members; deterministic median)
1876,SSP5,ssp585,0.02063893232439032,0.03172999088184701,0.045648936355776965,-1.2580440286016092,2.1.1,FaIR v1.1.0 constrained ensemble (1001 members; deterministic median)
1877,SSP5,ssp585,0.019430166989682137,0.03074634050119461,0.044818120708670674,-1.2590276789822616,2.1.1,FaIR v1.1.0 constrained ensemble (1001 members; deterministic median)
1878,SSP5,ssp585,0.019611513867524674,0.030785958557464008,0.044886113583337495,-1.2589880609259922,2.1.1,FaIR v1.1.0 constrained ensemble (1001 members; deterministic median)
1879,SSP5,ssp585,0.019753285582701244,0.031682763662708203,0.046199080215014066,-1.258091255820748,2.1.1,FaIR v1.1.0 constrained ensemble (1001 members; deterministic median)
1880,SSP5,ssp585,0.01951293331214718,0.031845599368928,0.046926829746555265,-1.2579284201145282,2.1.1,FaIR v1.1.0 constrained ensemble (1001 members; deterministic median)
1881,SSP5,ssp585,0.01898291101032057,0.030811268719038776,0.044978331005406706,-1.2589627507644174,2.1.1,FaIR v1.1.0 constrained ensemble (1001 members; deterministic median)
1882,SSP5,ssp585,0.022164527917425146,0.033175329147460894,0.04756797227267044,-1.2565986903359954,2.1.1,FaIR v1.1.0 constrained ensemble (1001 members; deterministic median)
1883,SSP5,ssp585,0.027146756017329368,0.03929559098690273,0.054890845464200935,-1.2504784284965533,2.1.1,FaIR v1.1.0 constrained ensemble (1001 members; deterministic median)
1884,SSP5,ssp585,-0.011467807111915765,0.002270480157772682,0.018458635107238715,-1.2875035393256835,2.1.1,FaIR v1.1.0 constrained ensemble (1001 members; deterministic median)
1885,SSP5,ssp585,-0.21321797049355584,-0.1409501152552904,-0.07670651890271696,-1.4307241347387465,2.1.1,FaIR v1.1.0 constrained ensemble (1001 members; deterministic median)
1886,SSP5,ssp585,-0.21106946486766787,-0.14440958916454869,-0.08985854198667026,-1.4341836086480049,2.1.1,FaIR v1.1.0 constrained ensemble (1001 members; deterministic median)
1887,SSP5,ssp585,-0.15722928995990648,-0.09605054119770645,-0.04895148742497169,-1.3858245606811626,2.1.1,FaIR v1.1.0 constrained ensemble (1001 members; deterministic median)
1888,SSP5,ssp585,-0.1165549794614946,-0.06213639455495155,-0.02527838317277118,-1.3519104140384077,2.1.1,FaIR v1.1.0 constrained ensemble (1001 members; deterministic median)
1889,SSP5,ssp585,-0.07818841091134907,-0.03382166985730085,-0.0034669946868202683,-1.323595689340757,2.1.1,FaIR v1.1.0 constrained ensemble (1001 members; deterministic median)
1890,SSP5,ssp585,-0.046174433641048125,-0.011226253026530608,0.014970129446122839,-1.3010002725099867,2.1.1,FaIR v1.1.0 constrained ensemble (1001 members; deterministic median)
1891,SSP5,ssp585,-0.04271927688212969,-0.012416798917141612,0.011470691268256741,-1.3021908184005977,2.1.1,FaIR v1.1.0 constrained ensemble (1001 members; deterministic median)
1892,SSP5,ssp585,-0.04611781295466317,-0.01917602452971498,0.0029250858141244007,-1.3089500440131712,2.1.1,FaIR v1.1.0 constrained ensemble (1001 members; deterministic median)
1893,SSP5,ssp585,-0.04114071422503392,-0.014872918677826273,0.006766907826601241,-1.3046469381612824,2.1.1,FaIR v1.1.0 constrained ensemble (1001 members; deterministic median)
1894,SSP5,ssp585,-0.018682388220329575,0.005820984320909262,0.027556057668419384,-1.283953035162547,2.1.1,FaIR v1.1.0 constrained ensemble (1001 members; deterministic median)
1895,SSP5,ssp585,-0.0015550509108592202,0.024857315084362015,0.047915121506285865,-1.264916704399094,2.1.1,FaIR v1.1.0 constrained ensemble (1001 members; deterministic median)
1896,SSP5,ssp585,0.010348783216103597,0.03618595014932859,0.05992055289330061,-1.2535880693341275,2.1.1,FaIR v1.1.0 constrained ensemble (1001 members; deterministic median)
1897,SSP5,ssp585,0.0182384818894584,0.042819765404668766,0.06502027815768292,-1.2469542540787875,2.1.1,FaIR v1.1.0 constrained ensemble (1001 members; deterministic median)
1898,SSP5,ssp585,0.019549008511963402,0.04433225544287683,0.06680860295353863,-1.2454417640405793,2.1.1,FaIR v1.1.0 constrained ensemble (1001 members; deterministic median)
1899,SSP5,ssp585,0.019859335523100534,0.04561926288739339,0.0685353473442288,-1.2441547565960627,2.1.1,FaIR v1.1.0 constrained ensemble (1001 members; deterministic median)
1900,SSP5,ssp585,0.017357531123542547,0.04394421972086697,0.06839161909051696,-1.2458297997625891,2.1.1,FaIR v1.1.0 constrained ensemble (1001 members; deterministic median)
1901,SSP5,ssp585,0.014917388124253032,0.04329649385626534,0.06924328796809848,-1.2464775256271907,2.1.1,FaIR v1.1.0 constrained ensemble (1001 members; deterministic median)
1902,SSP5,ssp585,0.014076287097383323,0.04315195033095208,0.07063534782157127,-1.246622069152504,2.1.1,FaIR v1.1.0 constrained ensemble (1001 members; deterministic median)
1903,SSP5,ssp585,-0.007162609380677965,0.025926885261659052,0.05465395015874262,-1.2638471342217972,2.1.1,FaIR v1.1.0 constrained ensemble (1001 members; deterministic median)
1904,SSP5,ssp585,-0.08410158088003838,-0.038654669773158096,0.00019106127850058996,-1.3284286892566142,2.1.1,FaIR v1.1.0 constrained ensemble (1001 members; deterministic median)
1905,SSP5,ssp585,-0.08451462000889093,-0.0386962358679946,0.0015725214017483918,-1.3284702553514507,2.1.1,FaIR v1.1.0 constrained ensemble (1001 members; deterministic median)
1906,SSP5,ssp585,-0.05545358136128881,-0.010353281983781812,0.031880826905399826,-1.3001273014672379,2.1.1,FaIR v1.1.0 constrained ensemble (1001 members; deterministic median)
1907,SSP5,ssp585,-0.027667380699374088,0.016644453958357473,0.057980824050295116,-1.2731295655250987,2.1.1,FaIR v1.1.0 constrained ensemble (1001 members; deterministic median)
1908,SSP5,ssp585,-0.03219790152269594,0.01355756737402393,0.05633841853500059,-1.2762164521094321,2.1.1,FaIR v1.1.0 constrained ensemble (1001 members; deterministic median)
1909,SSP5,ssp585,-0.023690179254448614,0.023385384069716634,0.06761336928441126,-1.2663886354137395,2.1.1,FaIR v1.1.0 constrained ensemble (1001 members; deterministic median)
1910,SSP5,ssp585,-0.0153206464602978,0.03371440963449331,0.07849558008089347,-1.256059609848963,2.1.1,FaIR v1.1.0 constrained ensemble (1001 members; deterministic median)
1911,SSP5,ssp585,-0.01397445215549816,0.03639854894072417,0.08454856561011971,-1.253375470542732,2.1.1,FaIR v1.1.0 constrained ensemble (1001 members; deterministic median)
1912,SSP5,ssp585,-0.013716226723772781,0.039015545122554465,0.08670662404768104,-1.2507584743609017,2.1.1,FaIR v1.1.0 constrained ensemble (1001 members; deterministic median)
1913,SSP5,ssp585,-0.06585981522623237,-0.006765988959924127,0.04440492378259747,-1.2965400084433802,2.1.1,FaIR v1.1.0 constrained ensemble (1001 members; deterministic median)
1914,SSP5,ssp585,-0.08949629295774289,-0.02797353871399713,0.02771264514079992,-1.3177475581974534,2.1.1,FaIR v1.1.0 constrained ensemble (1001 members; deterministic median)
1915,SSP5,ssp585,-0.07511837522863332,-0.011484518048113505,0.047082928241441446,-1.3012585375315697,2.1.1,FaIR v1.1.0 constrained ensemble (1001 members; deterministic median)
1916,SSP5,ssp585,-0.03869019385701262,0.020219766417573108,0.07752226887721851,-1.269554253065883,2.1.1,FaIR v1.1.0 constrained ensemble (1001 members; deterministic median)
1917,SSP5,ssp585,-0.016804512230883993,0.04217021014467612,0.09919635439695203,-1.24760380933878,2.1.1,FaIR v1.1.0 constrained ensemble (1001 members; deterministic median)
1918,SSP5,ssp585,-0.0038366169371309433,0.05649777402038645,0.1151165499786999,-1.2332762454630697,2.1.1,FaIR v1.1.0 constrained ensemble (1001 members; deterministic median)
1919,SSP5,ssp585,0.006762189321997639,0.0668464967858742,0.12589657040948257,-1.222927522697582,2.1.1,FaIR v1.1.0 constrained ensemble (1001 members; deterministic median)
1920,SSP5,ssp585,0.01852041849720249,0.07626760669461864,0.13174907488398213,-1.2135064127888375,2.1.1,FaIR v1.1.0 constrained ensemble (1001 members; deterministic median)
1921,SSP5,ssp585,0.0189609778056782,0.07628573228111257,0.13222001479553058,-1.2134882872023436,2.1.1,FaIR v1.1.0 constrained ensemble (1001 members; deterministic median)
1922,SSP5,ssp585,0.027989874169284605,0.08286403204821935,0.134687113454516,-1.2069099874352367,2.1.1,FaIR v1.1.0 constrained ensemble (1001 members; deterministic median)
1923,SSP5,ssp585,0.02137349160829405,0.07506315545813771,0.12551737427503298,-1.2147108640253184,2.1.1,FaIR v1.1.0 constrained ensemble (1001 members; deterministic median)
1924,SSP5,ssp585,0.012297675968177092,0.06974989961595866,0.12285357373000676,-1.2200241198674975,2.1.1,FaIR v1.1.0 constrained ensemble (1001 members; deterministic median)
1925,SSP5,ssp585,0.01931981210881015,0.07701197554595446,0.13178369447071445,-1.2127620439375018,2.1.1,FaIR v1.1.0 constrained ensemble (1001 members; deterministic median)
1926,SSP5,ssp585,0.02744408520527888,0.08609177866923802,0.14065688128651713,-1.203682240814218,2.1.1,FaIR v1.1.0 constrained ensemble (1001 members; deterministic median)
1927,SSP5,ssp585,0.03898861683096889,0.09742805429538562,0.15153172232653445,-1.1923459651880706,2.1.1,FaIR v1.1.0 constrained ensemble (1001 members; deterministic median)
1928,SSP5,ssp585,0.04608434389940253,0.10576698906660262,0.16106976143519608,-1.1840070304168535,2.1.1,FaIR v1.1.0 constrained ensemble (1001 members; deterministic median)
1929,SSP5,ssp585,0.04752139815962904,0.10729922253243707,0.1641401820504507,-1.182474796951019,2.1.1,FaIR v1.1.0 constrained ensemble (1001 members; deterministic median)
1930,SSP5,ssp585,0.029402310826143224,0.09153487498207925,0.15067332261277877,-1.198239144501377,2.1.1,FaIR v1.1.0 constrained ensemble (1001 members; deterministic median)
1931,SSP5,ssp585,0.04314891464589962,0.10287226915635163,0.16169540259427578,-1.1869017503271044,2.1.1,FaIR v1.1.0 constrained ensemble (1001 members; deterministic median)
1932,SSP5,ssp585,0.06043340023620242,0.1164945789653404,0.17283652458277474,-1.1732794405181157,2.1.1,FaIR v1.1.0 constrained ensemble (1001 members; deterministic median)
1933,SSP5,ssp585,0.058450977858577766,0.11229751777500156,0.1660890286026318,-1.1774765017084545,2.1.1,FaIR v1.1.0 constrained ensemble (1001 members; deterministic median)
1934,SSP5,ssp585,0.06860507392704646,0.12051206069310827,0.17285018872589336,-1.1692619587903479,2.1.1,FaIR v1.1.0 constrained ensemble (1001 members; deterministic median)
1935,SSP5,ssp585,0.0732875884351489,0.12685435446045096,0.18097834001045993,-1.1629196650230051,2.1.1,FaIR v1.1.0 constrained ensemble (1001 members; deterministic median)
1936,SSP5,ssp585,0.07851319979430925,0.1339458812412696,0.18965166410620896,-1.1558281382421867,2.1.1,FaIR v1.1.0 constrained ensemble (1001 members; deterministic median)
1937,SSP5,ssp585,0.08506030758410649,0.14350433888776376,0.2018553689287589,-1.1462696805956925,2.1.1,FaIR v1.1.0 constrained ensemble (1001 members; deterministic median)
1938,SSP5,ssp585,0.08993066013941486,0.14918198552348033,0.21036922433128452,-1.1405920339599758,2.1.1,FaIR v1.1.0 constrained ensemble (1001 members; deterministic median)
1939,SSP5,ssp585,0.0988217157006084,0.1576834679742206,0.2185581596957532,-1.1320905515092357,2.1.1,FaIR v1.1.0 constrained ensemble (1001 members; deterministic median)
1940,SSP5,ssp585,0.10001320555309462,0.16036893083845055,0.22331703957599522,-1.1294050886450056,2.1.1,FaIR v1.1.0 constrained ensemble (1001 members; deterministic median)
1941,SSP5,ssp585,0.09617528912891352,0.15935761514815483,0.22341293526813238,-1.1304164043353013,2.1.1,FaIR v1.1.0 constrained ensemble (1001 members; deterministic median)
1942,SSP5,ssp585,0.09143365186778335,0.15765749437915144,0.22307845209420485,-1.1321165251043048,2.1.1,FaIR v1.1.0 constrained ensemble (1001 members; deterministic median)
1943,SSP5,ssp585,0.0858467667644695,0.15407187326937494,0.2217476976239502,-1.1357021462140813,2.1.1,FaIR v1.1.0 constrained ensemble (1001 members; deterministic median)
1944,SSP5,ssp585,0.08218739782331477,0.15171434404120904,0.22026588563454313,-1.1380596754422472,2.1.1,FaIR v1.1.0 constrained ensemble (1001 members; deterministic median)
1945,SSP5,ssp585,0.08460262371344887,0.1538712117626678,0.22359447821142606,-1.1359028077207884,2.1.1,FaIR v1.1.0 constrained ensemble (1001 members; deterministic median)
1946,SSP5,ssp585,0.10123458989239595,0.16743810100596593,0.2349695594254629,-1.1223359184774901,2.1.1,FaIR v1.1.0 constrained ensemble (1001 members; deterministic median)
1947,SSP5,ssp585,0.11846902452195618,0.18125824083776704,0.2474790492886945,-1.1085157786456892,2.1.1,FaIR v1.1.0 constrained ensemble (1001 members; deterministic median)
1948,SSP5,ssp585,0.1288148900146726,0.19262964671913896,0.26008058239113485,-1.0971443727643173,2.1.1,FaIR v1.1.0 constrained ensemble (1001 members; deterministic median)
1949,SSP5,ssp585,0.13533634166189143,0.201623300346522,0.27035272923833176,-1.0881507191369342,2.1.1,FaIR v1.1.0 constrained ensemble (1001 members; deterministic median)
1950,SSP5,ssp585,0.1416158431860851,0.20829103257133913,0.2774505844250811,-1.081482986912117,2.1.1,FaIR v1.1.0 constrained ensemble (1001 members; deterministic median)
1951,SSP5,ssp585,0.13347743223998082,0.20421541591223716,0.27678633403597774,-1.085558603571219,2.1.1,FaIR v1.1.0 constrained ensemble (1001 members; deterministic median)
1952,SSP5,ssp585,0.13008246044015995,0.2018997064246562,0.2749634102042203,-1.0878743130588,2.1.1,FaIR v1.1.0 constrained ensemble (1001 members; deterministic median)
1953,SSP5,ssp585,0.128107654241573,0.2021625863131848,0.27682833293621734,-1.0876114331702713,2.1.1,FaIR v1.1.0 constrained ensemble (1001 members; deterministic median)
1954,SSP5,ssp585,0.12603147608192805,0.2011511275896289,0.2781842599314301,-1.0886228918938272,2.1.1,FaIR v1.1.0 constrained ensemble (1001 members; deterministic median)
1955,SSP5,ssp585,0.1281118149027607,0.20297018633024272,0.28195022805448006,-1.0868038331532135,2.1.1,FaIR v1.1.0 constrained ensemble (1001 members; deterministic median)
1956,SSP5,ssp585,0.12946683547167853,0.20700048469019988,0.2888450291223279,-1.0827735347932563,2.1.1,FaIR v1.1.0 constrained ensemble (1001 members; deterministic median)
1957,SSP5,ssp585,0.13319437472712017,0.2146051022056491,0.3020910618194627,-1.0751689172778072,2.1.1,FaIR v1.1.0 constrained ensemble (1001 members; deterministic median)
1958,SSP5,ssp585,0.13876294169527484,0.2253720006906409,0.3195728154895895,-1.0644020187928152,2.1.1,FaIR v1.1.0 constrained ensemble (1001 members; deterministic median)
1959,SSP5,ssp585,0.14943892591115596,0.2380738036951944,0.3351840192524695,-1.0517002157882618,2.1.1,FaIR v1.1.0 constrained ensemble (1001 members; deterministic median)
1960,SSP5,ssp585,0.15119444745855393,0.24352175714829843,0.3425494824949209,-1.0462522623351578,2.1.1,FaIR v1.1.0 constrained ensemble (1001 members; deterministic median)
1961,SSP5,ssp585,0.15231447750172342,0.24611325541517975,0.34755633009357445,-1.0436607640682765,2.1.1,FaIR v1.1.0 constrained ensemble (1001 members; deterministic median)
1962,SSP5,ssp585,0.13627013111303962,0.2367692393797694,0.34391987128948076,-1.0530047801036868,2.1.1,FaIR v1.1.0 constrained ensemble (1001 members; deterministic median)
1963,SSP5,ssp585,0.11061858034172413,0.21612440213825593,0.3273232145208092,-1.0736496173452001,2.1.1,FaIR v1.1.0 constrained ensemble (1001 members; deterministic median)
1964,SSP5,ssp585,0.010152294472784474,0.1326023761652025,0.25213781795958473,-1.1571716433182537,2.1.1,FaIR v1.1.0 constrained ensemble (1001 members; deterministic median)
1965,SSP5,ssp585,-0.016599617219864603,0.10504550686537831,0.23111679439610502,-1.1847285126180778,2.1.1,FaIR v1.1.0 constrained ensemble (1001 members; deterministic median)
1966,SSP5,ssp585,-0.010269486929237216,0.11909092391113371,0.24881489992937514,-1.1706830955723224,2.1.1,FaIR v1.1.0 constrained ensemble (1001 members; deterministic median)
1967,SSP5,ssp585,0.037235709850693126,0.16948128455222009,0.30057702675904135,-1.1202927349312362,2.1.1,FaIR v1.1.0 constrained ensemble (1001 members; deterministic median)
1968,SSP5,ssp585,0.056205385301953736,0.18513514656439434,0.3146353707941388,-1.104638872919062,2.1.1,FaIR v1.1.0 constrained ensemble (1001 members; deterministic median)
1969,SSP5,ssp585,0.08023031340111057,0.20615254385903423,0.33821099908866203,-1.083621475624422,2.1.1,FaIR v1.1.0 constrained ensemble (1001 members; deterministic median)
1970,SSP5,ssp585,0.1080705773247149,0.2327391637660772,0.3663670416577113,-1.057034855717379,2.1.1,FaIR v1.1.0 constrained ensemble (1001 members; deterministic median)
1971,SSP5,ssp585,0.12262901933529016,0.251600597335736,0.38781154507055626,-1.0381734221477201,2.1.1,FaIR v1.1.0 constrained ensemble (1001 members; deterministic median)
1972,SSP5,ssp585,0.12204192708929437,0.25343040314653364,0.39159748004682204,-1.0363436163369224,2.1.1,FaIR v1.1.0 constrained ensemble (1001 members; deterministic median)
1973,SSP5,ssp585,0.13364124832531601,0.264637035281888,0.40696700435153654,-1.025136984201568,2.1.1,FaIR v1.1.0 constrained ensemble (1001 members; deterministic median)
1974,SSP5,ssp585,0.1504766309376454,0.2835580773485628,0.4307064508708558,-1.0062159421348933,2.1.1,FaIR v1.1.0 constrained ensemble (1001 members; deterministic median)
1975,SSP5,ssp585,0.1593550426964037,0.29343178519066176,0.4432215905250793,-0.9963422342927943,2.1.1,FaIR v1.1.0 constrained ensemble (1001 members; deterministic median)
1976,SSP5,ssp585,0.14978944625921553,0.2898047997991478,0.43571146261694904,-0.9999692196843084,2.1.1,FaIR v1.1.0 constrained ensemble (1001 members; deterministic median)
1977,SSP5,ssp585,0.16942479063220206,0.3068285046037082,0.4539603199427781,-0.9829455148797479,2.1.1,FaIR v1.1.0 constrained ensemble (1001 members; deterministic median)
1978,SSP5,ssp585,0.19841596820899313,0.33442039230007753,0.4844968171757398,-0.9553536271833787,2.1.1,FaIR v1.1.0 constrained ensemble (1001 members; deterministic median)
1979,SSP5,ssp585,0.23268818014250675,0.3668698667237674,0.5198986925082524,-0.9229041527596887,2.1.1,FaIR v1.1.0 constrained ensemble (1001 members; deterministic median)
1980,SSP5,ssp585,0.2620272082325014,0.39354142051220276,0.5509372694593377,-0.8962325989712534,2.1.1,FaIR v1.1.0 constrained ensemble (1001 members; deterministic median)
1981,SSP5,ssp585,0.28064571305867003,0.41278722172416765,0.5673744009750452,-0.8769867977592885,2.1.1,FaIR v1.1.0 constrained ensemble (1001 members; deterministic median)
1982,SSP5,ssp585,0.302420902483033,0.43249333970544546,0.5822743558692537,-0.8572806797780107,2.1.1,FaIR v1.1.0 constrained ensemble (1001 members; deterministic median)
1983,SSP5,ssp585,0.28506774939402607,0.4171946461794696,0.5721137728729739,-0.8725793733039866,2.1.1,FaIR v1.1.0 constrained ensemble (1001 members; deterministic median)
1984,SSP5,ssp585,0.24901200903515866,0.3829933984117592,0.5337801354885922,-0.9067806210716969,2.1.1,FaIR v1.1.0 constrained ensemble (1001 members; deterministic median)
1985,SSP5,ssp585,0.2694094026109413,0.3978799254140394,0.554634539416612,-0.8918940940694168,2.1.1,FaIR v1.1.0 constrained ensemble (1001 members; deterministic median)
1986,SSP5,ssp585,0.3064493281875168,0.4338545240280606,0.5878058153562059,-0.8559194954553956,2.1.1,FaIR v1.1.0 constrained ensemble (1001 members; deterministic median)
1987,SSP5,ssp585,0.33508100156853415,0.46131183994081293,0.6141055596941178,-0.8284621795426432,2.1.1,FaIR v1.1.0 constrained ensemble (1001 members; deterministic median)
1988,SSP5,ssp585,0.36283726137289507,0.4897500222301249,0.641553411337996,-0.8000239972533312,2.1.1,FaIR v1.1.0 constrained ensemble (1001 members; deterministic median)
1989,SSP5,ssp585,0.3979985392177302,0.5224031999894925,0.6772839579124293,-0.7673708194939637,2.1.1,FaIR v1.1.0 constrained ensemble (1001 members; deterministic median)
1990,SSP5,ssp585,0.4373584379755624,0.5642384702952231,0.7169678876123929,-0.725535549188233,2.1.1,FaIR v1.1.0 constrained ensemble (1001 members; deterministic median)
1991,SSP5,ssp585,0.46696990171871977,0.5919295362561874,0.7451750789511637,-0.6978444832272688,2.1.1,FaIR v1.1.0 constrained ensemble (1001 members; deterministic median)
1992,SSP5,ssp585,0.4170894422911106,0.5544525439812185,0.7134080576160855,-0.7353214755022377,2.1.1,FaIR v1.1.0 constrained ensemble (1001 members; deterministic median)
1993,SSP5,ssp585,0.30260513340971573,0.4566440088164514,0.6151038572812526,-0.8331300106670048,2.1.1,FaIR v1.1.0 constrained ensemble (1001 members; deterministic median)
1994,SSP5,ssp585,0.33340328517719564,0.46895962939878144,0.629805966025216,-0.8208143900846747,2.1.1,FaIR v1.1.0 constrained ensemble (1001 members; deterministic median)
1995,SSP5,ssp585,0.3994701188936102,0.5336369381710376,0.697014516073337,-0.7561370813124185,2.1.1,FaIR v1.1.0 constrained ensemble (1001 members; deterministic median)
1996,SSP5,ssp585,0.463207849923424,0.5974416685080878,0.7581643755542974,-0.6923323509753684,2.1.1,FaIR v1.1.0 constrained ensemble (1001 members; deterministic median)
1997,SSP5,ssp585,0.5143311220188143,0.6465256998001478,0.7999724140876107,-0.6432483196833083,2.1.1,FaIR v1.1.0 constrained ensemble (1001 members; deterministic median)
1998,SSP5,ssp585,0.5332039960072726,0.6737637592386887,0.8348058808593279,-0.6160102602447675,2.1.1,FaIR v1.1.0 constrained ensemble (1001 members; deterministic median)
1999,SSP5,ssp585,0.5624691941928882,0.7067930938793111,0.8677733090614268,-0.582980925604145,2.1.1,FaIR v1.1.0 constrained ensemble (1001 members; deterministic median)
2000,SSP5,ssp585,0.6102024158772043,0.753703184052187,0.9051048025644243,-0.5360708354312692,2.1.1,FaIR v1.1.0 constrained ensemble (1001 members; deterministic median)
2001,SSP5,ssp585,0.6566846335119093,0.7977253537633581,0.947506535660124,-0.4920486657200981,2.1.1,FaIR v1.1.0 constrained ensemble (1001 members; deterministic median)
2002,SSP5,ssp585,0.6880182521245384,0.8285403552277568,0.9786725150640432,-0.46123366425569934,2.1.1,FaIR v1.1.0 constrained ensemble (1001 members; deterministic median)
2003,SSP5,ssp585,0.7000833860927819,0.8491510674473806,1.0013506729644908,-0.4406229520360756,2.1.1,FaIR v1.1.0 constrained ensemble (1001 members; deterministic median)
2004,SSP5,ssp585,0.7050736394985961,0.8568713076294966,1.0123896714907,-0.43290271185395957,2.1.1,FaIR v1.1.0 constrained ensemble (1001 members; deterministic median)
2005,SSP5,ssp585,0.7135809240180637,0.8694065767199469,1.0237571442485702,-0.42036744276350924,2.1.1,FaIR v1.1.0 constrained ensemble (1001 members; deterministic median)
2006,SSP5,ssp585,0.7200751440753042,0.8761607836531262,1.0332263998439064,-0.41361323583032994,2.1.1,FaIR v1.1.0 constrained ensemble (1001 members; deterministic median)
2007,SSP5,ssp585,0.7252440166151948,0.8854648924891311,1.043850036391237,-0.4043091269943251,2.1.1,FaIR v1.1.0 constrained ensemble (1001 members; deterministic median)
2008,SSP5,ssp585,0.7368098656467004,0.8990064274469788,1.0581690277994904,-0.3907675920364774,2.1.1,FaIR v1.1.0 constrained ensemble (1001 members; deterministic median)
2009,SSP5,ssp585,0.7575255490753751,0.9197429260698502,1.0797124241695568,-0.37003109341360596,2.1.1,FaIR v1.1.0 constrained ensemble (1001 members; deterministic median)
2010,SSP5,ssp585,0.777227291363001,0.9425192269520106,1.0996416930058348,-0.34725479253144553,2.1.1,FaIR v1.1.0 constrained ensemble (1001 members; deterministic median)
2011,SSP5,ssp585,0.7972787737719547,0.9660260336162155,1.1280369002116315,-0.32374798586724063,2.1.1,FaIR v1.1.0 constrained ensemble (1001 members; deterministic median)
2012,SSP5,ssp585,0.8236342048809008,0.9953008998145088,1.155156638071846,-0.2944731196689474,2.1.1,FaIR v1.1.0 constrained ensemble (1001 members; deterministic median)
2013,SSP5,ssp585,0.8452965650258889,1.0194654611933625,1.1861606255883252,-0.2703085582900937,2.1.1,FaIR v1.1.0 constrained ensemble (1001 members; deterministic median)
2014,SSP5,ssp585,0.8728655929164966,1.0508249465880717,1.220260534179642,-0.23894907289538447,2.1.1,FaIR v1.1.0 constrained ensemble (1001 members; deterministic median)
2015,SSP5,ssp585,0.889845187518119,1.0742515297790938,1.250514560616798,-0.21552248970436239,2.1.1,FaIR v1.1.0 constrained ensemble (1001 members; deterministic median)
2016,SSP5,ssp585,0.9144336419711749,1.1020705444553072,1.2773734890969846,-0.187703475028149,2.1.1,FaIR v1.1.0 constrained ensemble (1001 members; deterministic median)
2017,SSP5,ssp585,0.9388737405940148,1.1270750410685528,1.3081208433351896,-0.16269897841490333,2.1.1,FaIR v1.1.0 constrained ensemble (1001 members; deterministic median)
2018,SSP5,ssp585,0.9659353670654749,1.1565356526000716,1.3438925245612183,-0.13323836688338453,2.1.1,FaIR v1.1.0 constrained ensemble (1001 members; deterministic median)
2019,SSP5,ssp585,0.9919402552984612,1.187272251683383,1.3793473099964022,-0.10250176780007325,2.1.1,FaIR v1.1.0 constrained ensemble (1001 members; deterministic median)
2020,SSP5,ssp585,1.0142652567945225,1.2202607531080383,1.42096732266334,-0.06951326637541788,2.1.1,FaIR v1.1.0 constrained ensemble (1001 members; deterministic median)
2021,SSP5,ssp585,1.0385100812264096,1.2536711672285252,1.4660663330140253,-0.03610285225493093,2.1.1,FaIR v1.1.0 constrained ensemble (1001 members; deterministic median)
2022,SSP5,ssp585,1.0687844744947386,1.2897740194834562,1.5096182599641328,0.0,2.1.1,FaIR v1.1.0 constrained ensemble (1001 members; deterministic median)
2023,SSP5,ssp585,1.0991039111980534,1.3264741882629552,1.5570960285807516,0.036700168779499,2.1.1,FaIR v1.1.0 constrained ensemble (1001 members; deterministic median)
2024,SSP5,ssp585,1.1269739676606627,1.3608434616031502,1.6067224842165215,0.07106944211969402,2.1.1,FaIR v1.1.0 constrained ensemble (1001 members; deterministic median)
2025,SSP5,ssp585,1.1528462472257193,1.3961918042591,1.6460700887631883,0.10641778477564379,2.1.1,FaIR v1.1.0 constrained ensemble (1001 members; deterministic median)
2026,SSP5,ssp585,1.1765621064888947,1.4294090339710128,1.6829756851843587,0.13963501448755666,2.1.1,FaIR v1.1.0 constrained ensemble (1001 members; deterministic median)
2027,SSP5,ssp585,1.1997137939909226,1.4556528825619235,1.7205430689951784,0.16587886307846733,2.1.1,FaIR v1.1.0 constrained ensemble (1001 members; deterministic median)
2028,SSP5,ssp585,1.2204998733576504,1.4824588302773238,1.7483757241944444,0.19268481079386768,2.1.1,FaIR v1.1.0 constrained ensemble (1001 members; deterministic median)
2029,SSP5,ssp585,1.2430950138701058,1.5080179241083675,1.7771468583605516,0.2182439046249114,2.1.1,FaIR v1.1.0 constrained ensemble (1001 members; deterministic median)
2030,SSP5,ssp585,1.2614317004421391,1.5361359032270652,1.812451415265824,0.246361883743609,2.1.1,FaIR v1.1.0 constrained ensemble (1001 members; deterministic median)
2031,SSP5,ssp585,1.2808144830886907,1.5644093802606043,1.8484583491586577,0.2746353607771481,2.1.1,FaIR v1.1.0 constrained ensemble (1001 members; deterministic median)
2032,SSP5,ssp585,1.3031488065502843,1.5937100456556683,1.8878239628965456,0.30393602617221216,2.1.1,FaIR v1.1.0 constrained ensemble (1001 members; deterministic median)
2033,SSP5,ssp585,1.3284848888943888,1.6241340145393521,1.9305048193313672,0.334359995055896,2.1.1,FaIR v1.1.0 constrained ensemble (1001 members; deterministic median)
2034,SSP5,ssp585,1.3568316869461963,1.661751673680405,1.9729814220263144,0.37197765419694884,2.1.1,FaIR v1.1.0 constrained ensemble (1001 members; deterministic median)
2035,SSP5,ssp585,1.3906761509208285,1.7030371639575026,2.0235802626287986,0.41326314447404644,2.1.1,FaIR v1.1.0 constrained ensemble (1001 members; deterministic median)
2036,SSP5,ssp585,1.423840832569315,1.7412890909550476,2.0757726269679986,0.4515150714715914,2.1.1,FaIR v1.1.0 constrained ensemble (1001 members; deterministic median)
2037,SSP5,ssp585,1.4560739009285077,1.7815211300306393,2.1310945515503685,0.4917471105471831,2.1.1,FaIR v1.1.0 constrained ensemble (1001 members; deterministic median)
2038,SSP5,ssp585,1.485200848844129,1.8195834924539156,2.1773233603325943,0.5298094729704594,2.1.1,FaIR v1.1.0 constrained ensemble (1001 members; deterministic median)
2039,SSP5,ssp585,1.515150390860489,1.855626382671707,2.2293552149152536,0.5658523631882508,2.1.1,FaIR v1.1.0 constrained ensemble (1001 members; deterministic median)
2040,SSP5,ssp585,1.5408013949449395,1.8914596803949062,2.275634070165966,0.60168566091145,2.1.1,FaIR v1.1.0 constrained ensemble (1001 members; deterministic median)
2041,SSP5,ssp585,1.565677325782661,1.9216503057038088,2.3228221524738704,0.6318762862203526,2.1.1,FaIR v1.1.0 constrained ensemble (1001 members; deterministic median)
2042,SSP5,ssp585,1.5893834394445512,1.957952033081499,2.3652511328576926,0.6681780135980429,2.1.1,FaIR v1.1.0 constrained ensemble (1001 members; deterministic median)
2043,SSP5,ssp585,1.6150127269252381,1.99469993968888,2.413653696397218,0.7049259202054239,2.1.1,FaIR v1.1.0 constrained ensemble (1001 members; deterministic median)
2044,SSP5,ssp585,1.64880179752831,2.036974548623498,2.463051934161494,0.7472005291400419,2.1.1,FaIR v1.1.0 constrained ensemble (1001 members; deterministic median)
2045,SSP5,ssp585,1.6778810002560818,2.07766801001137,2.518778147926508,0.7878939905279139,2.1.1,FaIR v1.1.0 constrained ensemble (1001 members; deterministic median)
2046,SSP5,ssp585,1.7171418624201107,2.1224644114581706,2.5818956540175417,0.8326903919747144,2.1.1,FaIR v1.1.0 constrained ensemble (1001 members; deterministic median)
2047,SSP5,ssp585,1.7573853253256042,2.1707714877091617,2.648668770434023,0.8809974682257056,2.1.1,FaIR v1.1.0 constrained ensemble (1001 members; deterministic median)
2048,SSP5,ssp585,1.7944787764440997,2.222427132239665,2.715694759761997,0.932653112756209,2.1.1,FaIR v1.1.0 constrained ensemble (1001 members; deterministic median)
2049,SSP5,ssp585,1.8333489364131148,2.2696208392960533,2.782359395918204,0.9798468198125971,2.1.1,FaIR v1.1.0 constrained ensemble (1001 members; deterministic median)
2050,SSP5,ssp585,1.8701960455165125,2.3155311450716116,2.8464436625555996,1.0257571255881555,2.1.1,FaIR v1.1.0 constrained ensemble (1001 members; deterministic median)
2051,SSP5,ssp585,1.8984701384405471,2.355326889925413,2.9004511321973814,1.065552870441957,2.1.1,FaIR v1.1.0 constrained ensemble (1001 members; deterministic median)
2052,SSP5,ssp585,1.9249017285166188,2.3940495887291697,2.952562629399615,1.1042755692457136,2.1.1,FaIR v1.1.0 constrained ensemble (1001 members; deterministic median)
2053,SSP5,ssp585,1.9536875426995512,2.4319531119321915,3.0092818057015553,1.1421790924487354,2.1.1,FaIR v1.1.0 constrained ensemble (1001 members; deterministic median)
2054,SSP5,ssp585,1.9831853393039853,2.4733169674415274,3.062895113913382,1.1835429479580712,2.1.1,FaIR v1.1.0 constrained ensemble (1001 members; deterministic median)
2055,SSP5,ssp585,2.0163543487277806,2.51851177212888,3.11908285468219,1.228737752645424,2.1.1,FaIR v1.1.0 constrained ensemble (1001 members; deterministic median)
2056,SSP5,ssp585,2.0537140796459,2.5650185987873595,3.1796815811737664,1.2752445793039033,2.1.1,FaIR v1.1.0 constrained ensemble (1001 members; deterministic median)
2057,SSP5,ssp585,2.088366602404201,2.6140946683549626,3.2430071084940484,1.3243206488715065,2.1.1,FaIR v1.1.0 constrained ensemble (1001 members; deterministic median)
2058,SSP5,ssp585,2.1217041844585456,2.6632497036490417,3.3052743839964887,1.3734756841655855,2.1.1,FaIR v1.1.0 constrained ensemble (1001 members; deterministic median)
2059,SSP5,ssp585,2.15832858840729,2.7133853886132644,3.367411577887108,1.4236113691298082,2.1.1,FaIR v1.1.0 constrained ensemble (1001 members; deterministic median)
2060,SSP5,ssp585,2.1950127926629577,2.761073883023464,3.4298708110375715,1.4712998635400076,2.1.1,FaIR v1.1.0 constrained ensemble (1001 members; deterministic median)
2061,SSP5,ssp585,2.2293418848122517,2.8065297398845637,3.4897028170057105,1.5167557204011075,2.1.1,FaIR v1.1.0 constrained ensemble (1001 members; deterministic median)
2062,SSP5,ssp585,2.2610710474042555,2.850072148486032,3.5486395988893147,1.5602981290025757,2.1.1,FaIR v1.1.0 constrained ensemble (1001 members; deterministic median)
2063,SSP5,ssp585,2.290993215994008,2.8934106131660697,3.607367253888816,1.6036365936826136,2.1.1,FaIR v1.1.0 constrained ensemble (1001 members; deterministic median)
2064,SSP5,ssp585,2.3232399988482686,2.938326757551542,3.666398273201173,1.6485527380680858,2.1.1,FaIR v1.1.0 constrained ensemble (1001 members; deterministic median)
2065,SSP5,ssp585,2.3553799813889773,2.9831497265008333,3.725980523050626,1.6933757070173772,2.1.1,FaIR v1.1.0 constrained ensemble (1001 members; deterministic median)
2066,SSP5,ssp585,2.393344401095807,3.0303067840787996,3.7886520926795355,1.7405327645953435,2.1.1,FaIR v1.1.0 constrained ensemble (1001 members; deterministic median)
2067,SSP5,ssp585,2.4354284309315415,3.080664886776584,3.8568753474306092,1.7908908672931276,2.1.1,FaIR v1.1.0 constrained ensemble (1001 members; deterministic median)
2068,SSP5,ssp585,2.479126219064022,3.139021982175183,3.9309605129164935,1.8492479626917269,2.1.1,FaIR v1.1.0 constrained ensemble (1001 members; deterministic median)
2069,SSP5,ssp585,2.519219596214091,3.194129618906794,3.9975762326447417,1.9043555994233379,2.1.1,FaIR v1.1.0 constrained ensemble (1001 members; deterministic median)
2070,SSP5,ssp585,2.55855501084556,3.2437285268308544,4.06349033132179,1.9539545073473983,2.1.1,FaIR v1.1.0 constrained ensemble (1001 members; deterministic median)
2071,SSP5,ssp585,2.593274315424442,3.293656404002213,4.131625337738062,2.0038823845187568,2.1.1,FaIR v1.1.0 constrained ensemble (1001 members; deterministic median)
2072,SSP5,ssp585,2.6279067576431623,3.340779621774337,4.1944679016520245,2.0510056022908807,2.1.1,FaIR v1.1.0 constrained ensemble (1001 members; deterministic median)
2073,SSP5,ssp585,2.6597148345005985,3.388876389341222,4.259810928864951,2.099102369857766,2.1.1,FaIR v1.1.0 constrained ensemble (1001 members; deterministic median)
2074,SSP5,ssp585,2.692278783749787,3.436733157692327,4.329080006761556,2.146959138208871,2.1.1,FaIR v1.1.0 constrained ensemble (1001 members; deterministic median)
2075,SSP5,ssp585,2.726380796143708,3.4836626653622367,4.398256139939459,2.1938886458787805,2.1.1,FaIR v1.1.0 constrained ensemble (1001 members; deterministic median)
2076,SSP5,ssp585,2.76176267730142,3.5334651232635967,4.467812854557263,2.2436911037801406,2.1.1,FaIR v1.1.0 constrained ensemble (1001 members; deterministic median)
2077,SSP5,ssp585,2.797599507342239,3.582116304102419,4.530833728667203,2.2923422846189627,2.1.1,FaIR v1.1.0 constrained ensemble (1001 members; deterministic median)
2078,SSP5,ssp585,2.8360030449970743,3.631366621995723,4.60157253312513,2.3415926025122666,2.1.1,FaIR v1.1.0 constrained ensemble (1001 members; deterministic median)
2079,SSP5,ssp585,2.8769158767043277,3.6827036904045256,4.675038064511459,2.3929296709210695,2.1.1,FaIR v1.1.0 constrained ensemble (1001 members; deterministic median)
2080,SSP5,ssp585,2.915931396708641,3.742482581375728,4.750954993727811,2.4527085618922717,2.1.1,FaIR v1.1.0 constrained ensemble (1001 members; deterministic median)
2081,SSP5,ssp585,2.955288669904031,3.8024501240172364,4.826176113044835,2.51267610453378,2.1.1,FaIR v1.1.0 constrained ensemble (1001 members; deterministic median)
2082,SSP5,ssp585,2.9932641363720007,3.855636652037777,4.899341150509486,2.565862632554321,2.1.1,FaIR v1.1.0 constrained ensemble (1001 members; deterministic median)
2083,SSP5,ssp585,3.0268793049151466,3.9118324618060316,4.970044356333873,2.6220584423225755,2.1.1,FaIR v1.1.0 constrained ensemble (1001 members; deterministic median)
2084,SSP5,ssp585,3.0597719024880825,3.9659335414884067,5.046414994935268,2.6761595220049506,2.1.1,FaIR v1.1.0 constrained ensemble (1001 members; deterministic median)
2085,SSP5,ssp585,3.0928296863570583,4.019467450992655,5.114532994393138,2.729693431509199,2.1.1,FaIR v1.1.0 constrained ensemble (1001 members; deterministic median)
2086,SSP5,ssp585,3.125652057378566,4.072386157120315,5.178564013050415,2.7826121376368587,2.1.1,FaIR v1.1.0 constrained ensemble (1001 members; deterministic median)
2087,SSP5,ssp585,3.1611232189779326,4.119538311428849,5.241878007949437,2.829764291945393,2.1.1,FaIR v1.1.0 constrained ensemble (1001 members; deterministic median)
2088,SSP5,ssp585,3.1987830507904405,4.170266092724238,5.3109873048967655,2.8804920732407817,2.1.1,FaIR v1.1.0 constrained ensemble (1001 members; deterministic median)
2089,SSP5,ssp585,3.2360067008874283,4.216191498904932,5.381155798351493,2.9264174794214757,2.1.1,FaIR v1.1.0 constrained ensemble (1001 members; deterministic median)
2090,SSP5,ssp585,3.2756144073765174,4.266724632744318,5.451931106930703,2.976950613260862,2.1.1,FaIR v1.1.0 constrained ensemble (1001 members; deterministic median)
2091,SSP5,ssp585,3.3178097181430877,4.320317791174476,5.52383840521607,3.03054377169102,2.1.1,FaIR v1.1.0 constrained ensemble (1001 members; deterministic median)
2092,SSP5,ssp585,3.360012481723966,4.372498767131487,5.60089965958128,3.0827247476480313,2.1.1,FaIR v1.1.0 constrained ensemble (1001 members; deterministic median)
2093,SSP5,ssp585,3.3985888785069367,4.42435391068064,5.686894309580657,3.134579891197184,2.1.1,FaIR v1.1.0 constrained ensemble (1001 members; deterministic median)
2094,SSP5,ssp585,3.4336557941039207,4.472457813084256,5.764403937423005,3.1826837936008,2.1.1,FaIR v1.1.0 constrained ensemble (1001 members; deterministic median)
2095,SSP5,ssp585,3.465663687132407,4.520382418976239,5.831927485001263,3.230608399492783,2.1.1,FaIR v1.1.0 constrained ensemble (1001 members; deterministic median)
2096,SSP5,ssp585,3.4959462950071503,4.566615786458369,5.8969249158692065,3.276841766974913,2.1.1,FaIR v1.1.0 constrained ensemble (1001 members; deterministic median)
2097,SSP5,ssp585,3.5257502780728465,4.6103418001174195,5.966781082523071,3.3205677806339633,2.1.1,FaIR v1.1.0 constrained ensemble (1001 members; deterministic median)
2098,SSP5,ssp585,3.5584217087906147,4.6556730688969745,6.025670797764789,3.3658990494135184,2.1.1,FaIR v1.1.0 constrained ensemble (1001 members; deterministic median)
2099,SSP5,ssp585,3.59160224544591,4.702899698910126,6.097035447543231,3.4131256794266696,2.1.1,FaIR v1.1.0 constrained ensemble (1001 members; deterministic median)
2100,SSP5,ssp585,3.626202400346555,4.747848224293054,6.167498416326119,3.4580742048095976,2.1.1,FaIR v1.1.0 constrained ensemble (1001 members; deterministic median)
